timestamp,actual,predicted,previous_day,previous_week
2012-09-12 14:00:00,278.0,270.6877144209414,255.0,211.0
2012-09-12 15:00:00,318.0,291.6896965072638,326.0,245.0
2012-09-12 16:00:00,509.0,452.97680975706265,536.0,430.0
2012-09-12 17:00:00,925.0,855.0280966572886,970.0,863.0
2012-09-12 18:00:00,977.0,849.1034281795843,877.0,839.0
2012-09-12 19:00:00,635.0,668.0837885422621,596.0,662.0
2012-09-12 20:00:00,470.0,447.99069953387493,461.0,412.0
2012-09-12 21:00:00,306.0,330.54005345196254,310.0,296.0
2012-09-12 22:00:00,212.0,228.17660874526078,216.0,219.0
2012-09-12 23:00:00,127.0,146.3088076780777,109.0,150.0
2012-09-13 00:00:00,57.0,64.83407809635165,49.0,65.0
2012-09-13 01:00:00,28.0,22.59501585442969,21.0,18.0
2012-09-13 02:00:00,9.0,12.197272740284564,11.0,8.0
2012-09-13 03:00:00,11.0,8.405531587849074,7.0,9.0
2012-09-13 04:00:00,6.0,8.054404341560641,5.0,8.0
2012-09-13 05:00:00,57.0,40.275799986525946,48.0,38.0
2012-09-13 06:00:00,195.0,191.4586821553371,205.0,200.0
2012-09-13 07:00:00,571.0,520.1970555667008,557.0,482.0
2012-09-13 08:00:00,758.0,713.779045818596,770.0,646.0
2012-09-13 09:00:00,338.0,325.49168854966854,328.0,123.0
2012-09-13 10:00:00,212.0,213.23792676118117,205.0,49.0
2012-09-13 11:00:00,254.0,236.46401729643526,232.0,62.0
2012-09-13 12:00:00,297.0,293.3021284999385,352.0,137.0
2012-09-13 13:00:00,283.0,293.44031491210694,323.0,191.0
2012-09-13 14:00:00,274.0,268.2931874869916,278.0,216.0
2012-09-13 15:00:00,352.0,302.11071266847614,318.0,270.0
2012-09-13 16:00:00,491.0,449.11408029050057,509.0,416.0
2012-09-13 17:00:00,884.0,843.7033186887564,925.0,808.0
2012-09-13 18:00:00,852.0,834.9449694278733,977.0,835.0
2012-09-13 19:00:00,674.0,613.9891445459671,635.0,558.0
2012-09-13 20:00:00,463.0,475.780127174154,470.0,406.0
2012-09-13 21:00:00,317.0,333.5085081478467,306.0,272.0
2012-09-13 22:00:00,251.0,231.89051793336142,212.0,217.0
2012-09-13 23:00:00,170.0,171.1494678597986,127.0,169.0
2012-09-14 00:00:00,87.0,99.40530773691174,57.0,96.0
2012-09-14 01:00:00,41.0,49.122129692469436,28.0,29.0
2012-09-14 02:00:00,30.0,17.967089967652974,9.0,11.0
2012-09-14 03:00:00,14.0,12.261745849214243,11.0,9.0
2012-09-14 04:00:00,12.0,9.444127718651885,6.0,8.0
2012-09-14 05:00:00,41.0,39.0778845804376,57.0,40.0
2012-09-14 06:00:00,152.0,169.45741357233047,195.0,140.0
2012-09-14 07:00:00,454.0,468.0407442967154,571.0,486.0
2012-09-14 08:00:00,766.0,699.2181892925399,758.0,719.0
2012-09-14 09:00:00,347.0,334.49653008905034,338.0,344.0
2012-09-14 10:00:00,246.0,225.59614682415537,212.0,224.0
2012-09-14 11:00:00,280.0,300.6584868180861,254.0,296.0
2012-09-14 12:00:00,409.0,337.97889661934283,297.0,323.0
2012-09-14 13:00:00,408.0,402.7364009060839,283.0,354.0
2012-09-14 14:00:00,371.0,415.528483689443,274.0,253.0
2012-09-14 15:00:00,367.0,373.7203919377369,352.0,331.0
2012-09-14 16:00:00,563.0,475.18148670146144,491.0,470.0
2012-09-14 17:00:00,894.0,755.0332076589272,884.0,772.0
2012-09-14 18:00:00,808.0,762.2197446426919,852.0,792.0
2012-09-14 19:00:00,579.0,575.6692082848159,674.0,568.0
2012-09-14 20:00:00,404.0,422.85477643940504,463.0,391.0
2012-09-14 21:00:00,312.0,296.83148753473387,317.0,301.0
2012-09-14 22:00:00,229.0,265.1270503967024,251.0,299.0
2012-09-14 23:00:00,195.0,186.6141125680649,170.0,248.0
2012-09-15 00:00:00,207.0,143.19647706833535,87.0,150.0
2012-09-15 01:00:00,109.0,144.72318629743043,41.0,117.0
2012-09-15 02:00:00,93.0,73.44286575354225,30.0,77.0
2012-09-15 03:00:00,37.0,51.44513611865441,14.0,43.0
2012-09-15 04:00:00,6.0,16.592855542455286,12.0,11.0
2012-09-15 05:00:00,16.0,17.25008734989463,41.0,15.0
2012-09-15 06:00:00,33.0,50.019404942072434,152.0,34.0
2012-09-15 07:00:00,73.0,72.01410333386036,454.0,82.0
2012-09-15 08:00:00,212.0,214.3117039175125,766.0,230.0
2012-09-15 09:00:00,342.0,334.50256932141195,347.0,348.0
2012-09-15 10:00:00,442.0,406.6842154255728,246.0,422.0
2012-09-15 11:00:00,627.0,511.6440358338766,280.0,578.0
2012-09-15 12:00:00,706.0,606.9246259089942,409.0,694.0
2012-09-15 13:00:00,704.0,629.4585959103129,408.0,668.0
2012-09-15 14:00:00,715.0,608.0144547004558,371.0,626.0
2012-09-15 15:00:00,654.0,628.8276079185968,367.0,512.0
2012-09-15 16:00:00,783.0,599.6454873746554,563.0,114.0
2012-09-15 17:00:00,729.0,696.0713549991453,894.0,171.0
2012-09-15 18:00:00,614.0,648.9770183585646,808.0,167.0
2012-09-15 19:00:00,478.0,455.7800656716644,579.0,215.0
2012-09-15 20:00:00,330.0,349.8988450435841,404.0,194.0
2012-09-15 21:00:00,296.0,252.60127481968118,312.0,181.0
2012-09-15 22:00:00,279.0,252.09264984078877,229.0,194.0
2012-09-15 23:00:00,229.0,206.70876077967532,195.0,133.0
2012-09-16 00:00:00,151.0,212.72341760773676,207.0,124.0
2012-09-16 01:00:00,117.0,117.38825733811515,109.0,124.0
2012-09-16 02:00:00,89.0,92.37407797894845,93.0,96.0
2012-09-16 03:00:00,48.0,51.30195391390557,37.0,46.0
2012-09-16 04:00:00,8.0,25.19584718082531,6.0,28.0
2012-09-16 05:00:00,13.0,33.16911150114295,16.0,55.0
2012-09-16 06:00:00,35.0,37.91269690422736,33.0,35.0
2012-09-16 07:00:00,71.0,78.36587610980644,73.0,70.0
2012-09-16 08:00:00,128.0,197.46755079397684,212.0,170.0
2012-09-16 09:00:00,296.0,226.51026622415208,342.0,299.0
2012-09-16 10:00:00,490.0,445.29707121902874,442.0,495.0
2012-09-16 11:00:00,559.0,494.0813950828817,627.0,585.0
2012-09-16 12:00:00,656.0,587.151163565053,706.0,757.0
2012-09-16 13:00:00,694.0,601.6397968977587,704.0,729.0
2012-09-16 14:00:00,635.0,580.2840031952568,715.0,647.0
2012-09-16 15:00:00,557.0,570.5991901479407,654.0,696.0
2012-09-16 16:00:00,596.0,557.4879386478391,783.0,701.0
2012-09-16 17:00:00,570.0,557.969939415768,729.0,671.0
2012-09-16 18:00:00,481.0,484.89927358914576,614.0,560.0
2012-09-16 19:00:00,403.0,354.27549111731724,478.0,496.0
2012-09-16 20:00:00,324.0,331.6933449317738,330.0,356.0
2012-09-16 21:00:00,191.0,238.77618119510524,296.0,206.0
2012-09-16 22:00:00,127.0,161.74881796361822,279.0,189.0
2012-09-16 23:00:00,94.0,98.65254768479848,229.0,92.0
2012-09-17 00:00:00,45.0,44.98897951137938,151.0,41.0
2012-09-17 01:00:00,21.0,19.380044934411895,117.0,18.0
2012-09-17 02:00:00,13.0,13.518034997140262,89.0,17.0
2012-09-17 03:00:00,7.0,8.283248062350744,48.0,12.0
2012-09-17 04:00:00,11.0,5.00981985973155,8.0,5.0
2012-09-17 05:00:00,45.0,33.437957140209974,13.0,40.0
2012-09-17 06:00:00,164.0,169.36854462533168,35.0,180.0
2012-09-17 07:00:00,492.0,461.29457991891655,71.0,447.0
2012-09-17 08:00:00,683.0,723.0472737178546,128.0,730.0
2012-09-17 09:00:00,299.0,335.35066314066773,296.0,361.0
2012-09-17 10:00:00,202.0,225.8141815488971,490.0,210.0
2012-09-17 11:00:00,252.0,231.69745653559158,559.0,236.0
2012-09-17 12:00:00,295.0,241.2753076729308,656.0,332.0
2012-09-17 13:00:00,343.0,321.8606764466127,694.0,323.0
2012-09-17 14:00:00,332.0,369.1600375296749,635.0,340.0
2012-09-17 15:00:00,338.0,341.12533015268707,557.0,346.0
2012-09-17 16:00:00,453.0,523.6668141223794,596.0,488.0
2012-09-17 17:00:00,842.0,778.8547685305737,570.0,871.0
2012-09-17 18:00:00,774.0,803.2050474057978,481.0,968.0
2012-09-17 19:00:00,486.0,590.7365908970555,403.0,633.0
2012-09-17 20:00:00,340.0,352.6756938014993,324.0,390.0
2012-09-17 21:00:00,233.0,256.5116806366914,191.0,285.0
2012-09-17 22:00:00,129.0,169.89479001102717,127.0,159.0
2012-09-17 23:00:00,70.0,73.86315192824792,94.0,93.0
2012-09-18 00:00:00,13.0,28.095276169858558,45.0,32.0
2012-09-18 01:00:00,5.0,8.409323368384074,21.0,10.0
2012-09-18 02:00:00,4.0,6.253761668538405,13.0,6.0
2012-09-18 03:00:00,6.0,5.601637479792317,7.0,8.0
2012-09-18 04:00:00,7.0,6.604888914826836,11.0,9.0
2012-09-18 05:00:00,48.0,35.57348198356581,45.0,44.0
2012-09-18 06:00:00,167.0,166.78695166760664,164.0,211.0
2012-09-18 07:00:00,356.0,520.5558602569087,492.0,596.0
2012-09-18 08:00:00,672.0,702.4172344292826,683.0,750.0
2012-09-18 09:00:00,293.0,313.71925548887793,299.0,358.0
2012-09-18 10:00:00,160.0,180.74282987354616,202.0,196.0
2012-09-18 11:00:00,151.0,208.68042839440824,252.0,247.0
2012-09-18 12:00:00,88.0,229.24847883399713,295.0,316.0
2012-09-18 13:00:00,114.0,132.80575521662956,343.0,328.0
2012-09-18 14:00:00,143.0,155.4713738983301,332.0,255.0
2012-09-18 15:00:00,36.0,205.5718943370168,338.0,326.0
2012-09-18 16:00:00,141.0,100.51136936857773,453.0,536.0
2012-09-18 17:00:00,338.0,342.3906975387888,842.0,970.0
2012-09-18 18:00:00,281.0,587.2785233661922,774.0,877.0
2012-09-18 19:00:00,324.0,312.24782412451196,486.0,596.0
2012-09-18 20:00:00,290.0,290.50980043486254,340.0,461.0
2012-09-18 21:00:00,207.0,237.28075049285584,233.0,310.0
2012-09-18 22:00:00,151.0,152.29059159244483,129.0,216.0
2012-09-18 23:00:00,78.0,92.1260607328061,70.0,109.0
2012-09-19 00:00:00,26.0,36.919303855149636,13.0,49.0
2012-09-19 01:00:00,12.0,13.763233352894028,5.0,21.0
2012-09-19 02:00:00,3.0,8.49044959295142,4.0,11.0
2012-09-19 03:00:00,5.0,5.210710643648315,6.0,7.0
2012-09-19 04:00:00,10.0,5.751274134786747,7.0,5.0
2012-09-19 05:00:00,56.0,33.386613611083135,48.0,48.0
2012-09-19 06:00:00,172.0,163.08780121757968,167.0,205.0
2012-09-19 07:00:00,545.0,469.74244166678614,356.0,557.0
2012-09-19 08:00:00,797.0,714.0804339300646,672.0,770.0
2012-09-19 09:00:00,362.0,387.9193009519975,293.0,328.0
2012-09-19 10:00:00,192.0,195.53424835111025,160.0,205.0
2012-09-19 11:00:00,247.0,211.98195820046092,151.0,232.0
2012-09-19 12:00:00,313.0,271.13096792710604,88.0,352.0
2012-09-19 13:00:00,289.0,294.94235542147965,114.0,323.0
2012-09-19 14:00:00,286.0,256.6129123162892,143.0,278.0
2012-09-19 15:00:00,311.0,288.51803385314963,36.0,318.0
2012-09-19 16:00:00,466.0,469.7980984060294,141.0,509.0
2012-09-19 17:00:00,886.0,740.4535449090057,338.0,925.0
2012-09-19 18:00:00,892.0,790.1222286646406,281.0,977.0
2012-09-19 19:00:00,611.0,615.0225144957136,324.0,635.0
2012-09-19 20:00:00,409.0,453.1062920894651,290.0,470.0
2012-09-19 21:00:00,349.0,300.9937211548696,207.0,306.0
2012-09-19 22:00:00,229.0,248.84903724725825,151.0,212.0
2012-09-19 23:00:00,123.0,137.67293411402235,78.0,127.0
2012-09-20 00:00:00,58.0,67.91431382656911,26.0,57.0
2012-09-20 01:00:00,18.0,25.147238289706046,12.0,28.0
2012-09-20 02:00:00,11.0,10.501903839413913,3.0,9.0
2012-09-20 03:00:00,6.0,9.283369346050119,5.0,11.0
2012-09-20 04:00:00,6.0,8.159551779248648,10.0,6.0
2012-09-20 05:00:00,56.0,39.066967959791214,56.0,57.0
2012-09-20 06:00:00,170.0,176.9509984461438,172.0,195.0
2012-09-20 07:00:00,534.0,500.1965077789911,545.0,571.0
2012-09-20 08:00:00,790.0,777.4434509159357,797.0,758.0
2012-09-20 09:00:00,355.0,407.31454235838174,362.0,338.0
2012-09-20 10:00:00,190.0,199.3837046485425,192.0,212.0
2012-09-20 11:00:00,243.0,247.07247018303255,247.0,254.0
2012-09-20 12:00:00,290.0,302.2531507695707,313.0,297.0
2012-09-20 13:00:00,336.0,278.94030441298656,289.0,283.0
2012-09-20 14:00:00,298.0,318.82595891855266,286.0,274.0
2012-09-20 15:00:00,291.0,338.64430858721676,311.0,352.0
2012-09-20 16:00:00,457.0,479.4664886495269,466.0,491.0
2012-09-20 17:00:00,976.0,847.938305072592,886.0,884.0
2012-09-20 18:00:00,900.0,839.5244178994151,892.0,852.0
2012-09-20 19:00:00,603.0,680.0657474200437,611.0,674.0
2012-09-20 20:00:00,417.0,471.72889375107616,409.0,463.0
2012-09-20 21:00:00,274.0,305.424958126469,349.0,317.0
2012-09-20 22:00:00,287.0,228.55904227982123,229.0,251.0
2012-09-20 23:00:00,154.0,179.72691783428874,123.0,170.0
2012-09-21 00:00:00,66.0,79.15462590120194,58.0,87.0
2012-09-21 01:00:00,49.0,32.57663181485505,18.0,41.0
2012-09-21 02:00:00,14.0,24.028085917064004,11.0,30.0
2012-09-21 03:00:00,12.0,11.05620010938369,6.0,14.0
2012-09-21 04:00:00,10.0,10.378868723259325,6.0,12.0
2012-09-21 05:00:00,49.0,37.67990832974804,56.0,41.0
2012-09-21 06:00:00,165.0,178.32471120222127,170.0,152.0
2012-09-21 07:00:00,503.0,470.16405384757036,534.0,454.0
2012-09-21 08:00:00,757.0,736.4417014527597,790.0,766.0
2012-09-21 09:00:00,383.0,349.4037935405729,355.0,347.0
2012-09-21 10:00:00,225.0,248.8894023842158,190.0,246.0
2012-09-21 11:00:00,321.0,278.7735403864399,243.0,280.0
2012-09-21 12:00:00,389.0,361.2907707747229,290.0,409.0
2012-09-21 13:00:00,421.0,383.913430761384,336.0,408.0
2012-09-21 14:00:00,412.0,405.1389732473879,298.0,371.0
2012-09-21 15:00:00,423.0,412.41833200306183,291.0,367.0
2012-09-21 16:00:00,567.0,491.7835547946152,457.0,563.0
2012-09-21 17:00:00,846.0,748.4627687895638,976.0,894.0
2012-09-21 18:00:00,805.0,755.6493057733286,900.0,808.0
2012-09-21 19:00:00,588.0,568.168381921201,603.0,579.0
2012-09-21 20:00:00,369.0,431.11980454867864,417.0,404.0
2012-09-21 21:00:00,312.0,280.18792937595833,274.0,312.0
2012-09-21 22:00:00,295.0,250.24791323090167,287.0,229.0
2012-09-21 23:00:00,186.0,211.97620875320985,154.0,195.0
2012-09-22 00:00:00,172.0,213.02086343323225,66.0,207.0
2012-09-22 01:00:00,124.0,129.39989728508945,49.0,109.0
2012-09-22 02:00:00,83.0,88.54487172523274,14.0,93.0
2012-09-22 03:00:00,45.0,49.117622869394694,12.0,37.0
2012-09-22 04:00:00,15.0,18.914043572198146,10.0,6.0
2012-09-22 05:00:00,17.0,18.87512781637986,49.0,16.0
2012-09-22 06:00:00,41.0,44.68867951164068,165.0,33.0
2012-09-22 07:00:00,77.0,80.45435616291823,503.0,73.0
2012-09-22 08:00:00,218.0,191.33423709428973,757.0,212.0
2012-09-22 09:00:00,377.0,332.71083130609685,383.0,342.0
2012-09-22 10:00:00,474.0,413.3545200868241,225.0,442.0
2012-09-22 11:00:00,626.0,491.2644777153491,321.0,627.0
2012-09-22 12:00:00,688.0,604.5374563807839,389.0,706.0
2012-09-22 13:00:00,707.0,619.8917245983175,421.0,704.0
2012-09-22 14:00:00,654.0,639.5128696644398,412.0,715.0
2012-09-22 15:00:00,750.0,597.7460424937317,423.0,654.0
2012-09-22 16:00:00,680.0,631.5667354300759,567.0,783.0
2012-09-22 17:00:00,646.0,595.873199136556,846.0,729.0
2012-09-22 18:00:00,598.0,497.4177468487723,805.0,614.0
2012-09-22 19:00:00,407.0,436.74418579586603,588.0,478.0
2012-09-22 20:00:00,325.0,294.42092764185844,369.0,330.0
2012-09-22 21:00:00,261.0,258.99651529754266,312.0,296.0
2012-09-22 22:00:00,239.0,233.68027469926753,295.0,279.0
2012-09-22 23:00:00,171.0,195.8924844068577,186.0,229.0
2012-09-23 00:00:00,180.0,159.17747353178248,172.0,151.0
2012-09-23 01:00:00,142.0,134.52948583346736,124.0,117.0
2012-09-23 02:00:00,95.0,99.96933801691195,83.0,89.0
2012-09-23 03:00:00,54.0,51.30195391390557,45.0,48.0
2012-09-23 04:00:00,10.0,19.20183092452431,15.0,8.0
2012-09-23 05:00:00,6.0,16.093214977763402,17.0,13.0
2012-09-23 06:00:00,16.0,33.70714414577035,41.0,35.0
2012-09-23 07:00:00,57.0,54.720500133220376,77.0,71.0
2012-09-23 08:00:00,175.0,145.82639612915116,218.0,128.0
2012-09-23 09:00:00,276.0,297.5329376163354,377.0,296.0
2012-09-23 10:00:00,489.0,412.9020164325446,474.0,490.0
2012-09-23 11:00:00,570.0,505.02327213469135,626.0,559.0
2012-09-23 12:00:00,776.0,585.3729489026322,688.0,656.0
2012-09-23 13:00:00,702.0,614.6283489703993,707.0,694.0
2012-09-23 14:00:00,666.0,586.7452718635302,654.0,635.0
2012-09-23 15:00:00,640.0,602.3555644862151,750.0,557.0
2012-09-23 16:00:00,691.0,567.0322904070282,680.0,596.0
2012-09-23 17:00:00,723.0,599.3584846587959,646.0,570.0
2012-09-23 18:00:00,540.0,572.4248300888962,598.0,481.0
2012-09-23 19:00:00,413.0,419.62176521042215,407.0,403.0
2012-09-23 20:00:00,252.0,310.4476623365121,325.0,324.0
2012-09-23 21:00:00,196.0,199.1648099306333,261.0,191.0
2012-09-23 22:00:00,138.0,161.3959864532846,239.0,127.0
2012-09-23 23:00:00,100.0,107.11460683194694,171.0,94.0
2012-09-24 00:00:00,64.0,68.82721408400887,180.0,45.0
2012-09-24 01:00:00,18.0,25.23540189197253,142.0,21.0
2012-09-24 02:00:00,8.0,12.846774163208796,95.0,13.0
2012-09-24 03:00:00,5.0,5.884268695207564,54.0,7.0
2012-09-24 04:00:00,8.0,6.715893603633389,10.0,11.0
2012-09-24 05:00:00,37.0,41.888267553758396,6.0,45.0
2012-09-24 06:00:00,168.0,165.18997069640542,16.0,164.0
2012-09-24 07:00:00,530.0,499.1853437392741,57.0,492.0
2012-09-24 08:00:00,750.0,699.2402313535362,175.0,683.0
2012-09-24 09:00:00,328.0,347.18312115245146,276.0,299.0
2012-09-24 10:00:00,198.0,229.3031406484288,489.0,202.0
2012-09-24 11:00:00,238.0,229.63464188075304,570.0,252.0
2012-09-24 12:00:00,342.0,251.78332391009428,776.0,295.0
2012-09-24 13:00:00,328.0,445.1661722123408,702.0,343.0
2012-09-24 14:00:00,303.0,374.48802823579496,666.0,332.0
2012-09-24 15:00:00,300.0,311.516713078661,640.0,338.0
2012-09-24 16:00:00,516.0,461.2558017779108,691.0,453.0
2012-09-24 17:00:00,898.0,770.6521452432885,723.0,842.0
2012-09-24 18:00:00,853.0,807.3196223664976,540.0,774.0
2012-09-24 19:00:00,590.0,615.894533489805,413.0,486.0
2012-09-24 20:00:00,432.0,400.73224641345064,252.0,340.0
2012-09-24 21:00:00,256.0,291.2550832875684,196.0,233.0
2012-09-24 22:00:00,172.0,171.94165827581463,138.0,129.0
2012-09-24 23:00:00,94.0,99.42256316058025,100.0,70.0
2012-09-25 00:00:00,64.0,41.213024766915694,64.0,13.0
2012-09-25 01:00:00,13.0,22.58600928333393,18.0,5.0
2012-09-25 02:00:00,14.0,8.041268375599044,8.0,4.0
2012-09-25 03:00:00,5.0,8.041268375599044,5.0,6.0
2012-09-25 04:00:00,9.0,6.236833922041813,8.0,7.0
2012-09-25 05:00:00,47.0,43.60660462748473,37.0,48.0
2012-09-25 06:00:00,194.0,182.82961230112414,168.0,167.0
2012-09-25 07:00:00,556.0,515.4701933782102,530.0,356.0
2012-09-25 08:00:00,805.0,742.4951506311609,750.0,672.0
2012-09-25 09:00:00,409.0,371.8953988496541,328.0,293.0
2012-09-25 10:00:00,170.0,233.3109485930663,198.0,160.0
2012-09-25 11:00:00,218.0,207.1608987503372,238.0,151.0
2012-09-25 12:00:00,302.0,245.779260750044,342.0,88.0
2012-09-25 13:00:00,305.0,292.1920851886004,328.0,114.0
2012-09-25 14:00:00,293.0,286.3402456429065,303.0,143.0
2012-09-25 15:00:00,303.0,319.2202147318226,300.0,36.0
2012-09-25 16:00:00,495.0,403.6491304874608,516.0,141.0
2012-09-25 17:00:00,967.0,780.601959452254,898.0,338.0
2012-09-25 18:00:00,822.0,846.2223114009829,853.0,281.0
2012-09-25 19:00:00,539.0,622.0097699195699,590.0,324.0
2012-09-25 20:00:00,425.0,387.7485593627459,432.0,290.0
2012-09-25 21:00:00,297.0,316.4794947061219,256.0,207.0
2012-09-25 22:00:00,188.0,219.56376890407256,172.0,151.0
2012-09-25 23:00:00,98.0,98.76891541415837,94.0,78.0
2012-09-26 00:00:00,40.0,57.22612601390008,64.0,26.0
2012-09-26 01:00:00,29.0,17.303798153191686,13.0,12.0
2012-09-26 02:00:00,17.0,10.674666220639825,14.0,3.0
2012-09-26 03:00:00,10.0,8.278348370438929,5.0,5.0
2012-09-26 04:00:00,14.0,7.222381259233778,9.0,10.0
2012-09-26 05:00:00,36.0,50.49446113042926,47.0,56.0
2012-09-26 06:00:00,182.0,160.69204937661587,194.0,172.0
2012-09-26 07:00:00,532.0,525.2402240038365,556.0,545.0
2012-09-26 08:00:00,838.0,793.0603556326153,805.0,797.0
2012-09-26 09:00:00,334.0,489.39079264478977,409.0,362.0
2012-09-26 10:00:00,185.0,182.01811655448176,170.0,192.0
2012-09-26 11:00:00,227.0,231.60888114437142,218.0,247.0
2012-09-26 12:00:00,316.0,287.74571588835573,302.0,313.0
2012-09-26 13:00:00,340.0,299.61485463704423,305.0,289.0
2012-09-26 14:00:00,277.0,314.23040336908775,293.0,286.0
2012-09-26 15:00:00,300.0,309.30584997819545,303.0,311.0
2012-09-26 16:00:00,468.0,465.4703025556925,495.0,466.0
2012-09-26 17:00:00,953.0,853.3123411298665,967.0,886.0
2012-09-26 18:00:00,884.0,854.6315811339394,822.0,892.0
2012-09-26 19:00:00,627.0,604.8065232572781,539.0,611.0
2012-09-26 20:00:00,434.0,461.4891746947393,425.0,409.0
2012-09-26 21:00:00,360.0,318.9387884173219,297.0,349.0
2012-09-26 22:00:00,215.0,260.7822489121986,188.0,229.0
2012-09-26 23:00:00,115.0,135.7909337265533,98.0,123.0
2012-09-27 00:00:00,65.0,53.015711531954395,40.0,58.0
2012-09-27 01:00:00,21.0,27.43488566710205,29.0,18.0
2012-09-27 02:00:00,16.0,12.092976815773367,17.0,11.0
2012-09-27 03:00:00,7.0,9.963986232805885,10.0,6.0
2012-09-27 04:00:00,8.0,8.159551779248648,14.0,6.0
2012-09-27 05:00:00,66.0,46.72218580754656,36.0,56.0
2012-09-27 06:00:00,169.0,212.26575062062656,182.0,170.0
2012-09-27 07:00:00,558.0,504.1758986495132,532.0,534.0
2012-09-27 08:00:00,794.0,801.044048713822,838.0,790.0
2012-09-27 09:00:00,335.0,372.7487973073432,334.0,355.0
2012-09-27 10:00:00,208.0,188.5574834483492,185.0,190.0
2012-09-27 11:00:00,294.0,243.8899797678537,227.0,243.0
2012-09-27 12:00:00,335.0,324.0804354783961,316.0,290.0
2012-09-27 13:00:00,326.0,328.0970540705831,340.0,336.0
2012-09-27 14:00:00,258.0,306.1169479382876,277.0,298.0
2012-09-27 15:00:00,296.0,291.17186664457364,300.0,291.0
2012-09-27 16:00:00,472.0,471.9379755599676,468.0,457.0
2012-09-27 17:00:00,905.0,844.1471205031296,953.0,976.0
2012-09-27 18:00:00,899.0,839.5244178994151,884.0,900.0
2012-09-27 19:00:00,559.0,620.9225256971046,627.0,603.0
2012-09-27 20:00:00,457.0,414.3496304451542,434.0,417.0
2012-09-27 21:00:00,253.0,321.61363039578185,360.0,274.0
2012-09-27 22:00:00,47.0,197.31481119632227,215.0,287.0
2012-09-27 23:00:00,45.0,66.94343640016942,115.0,154.0
2012-09-28 00:00:00,17.0,37.144066224375976,65.0,66.0
2012-09-28 01:00:00,13.0,21.078986788721792,21.0,49.0
2012-09-28 02:00:00,10.0,10.461024395322909,16.0,14.0
2012-09-28 03:00:00,7.0,8.168335117835335,7.0,12.0
2012-09-28 04:00:00,12.0,6.893157263570643,8.0,10.0
2012-09-28 05:00:00,38.0,41.06305293007977,66.0,49.0
2012-09-28 06:00:00,138.0,163.2647401471035,169.0,165.0
2012-09-28 07:00:00,394.0,433.69083697474105,558.0,503.0
2012-09-28 08:00:00,705.0,709.8184703915657,794.0,757.0
2012-09-28 09:00:00,426.0,320.7730766355694,335.0,383.0
2012-09-28 10:00:00,245.0,256.3942399433582,208.0,225.0
2012-09-28 11:00:00,361.0,305.94640891796433,294.0,321.0
2012-09-28 12:00:00,380.0,372.4635922575057,335.0,389.0
2012-09-28 13:00:00,410.0,368.7042565813001,326.0,421.0
2012-09-28 14:00:00,399.0,415.26400056399495,258.0,412.0
2012-09-28 15:00:00,392.0,422.23855807958745,296.0,423.0
2012-09-28 16:00:00,502.0,510.95572529993126,472.0,567.0
2012-09-28 17:00:00,808.0,776.8850349695083,905.0,846.0
2012-09-28 18:00:00,667.0,735.6310543747975,899.0,805.0
2012-09-28 19:00:00,508.0,491.74318559077494,559.0,588.0
2012-09-28 20:00:00,336.0,379.5403719193439,457.0,369.0
2012-09-28 21:00:00,237.0,273.25523415394355,253.0,312.0
2012-09-28 22:00:00,220.0,207.4393751545221,47.0,295.0
2012-09-28 23:00:00,190.0,169.73518209926485,45.0,186.0
2012-09-29 00:00:00,149.0,137.45680039634885,17.0,172.0
2012-09-29 01:00:00,101.0,116.02810655872167,13.0,124.0
2012-09-29 02:00:00,92.0,76.65136391165635,10.0,83.0
2012-09-29 03:00:00,29.0,50.94264858490275,7.0,45.0
2012-09-29 04:00:00,14.0,15.782469521744089,12.0,15.0
2012-09-29 05:00:00,15.0,19.29955610264306,38.0,17.0
2012-09-29 06:00:00,37.0,45.446545403592424,138.0,41.0
2012-09-29 07:00:00,73.0,80.25473704226214,394.0,77.0
2012-09-29 08:00:00,211.0,199.73873145481667,705.0,218.0
2012-09-29 09:00:00,332.0,344.1284663595524,426.0,377.0
2012-09-29 10:00:00,472.0,459.4743795593439,245.0,474.0
2012-09-29 11:00:00,663.0,505.603819841163,361.0,626.0
2012-09-29 12:00:00,682.0,624.3570619887897,380.0,688.0
2012-09-29 13:00:00,686.0,633.3635372330125,410.0,707.0
2012-09-29 14:00:00,750.0,621.8633368034073,399.0,654.0
2012-09-29 15:00:00,727.0,661.8322940671692,392.0,750.0
2012-09-29 16:00:00,722.0,600.1710715005803,502.0,680.0
2012-09-29 17:00:00,712.0,563.4883935191639,808.0,646.0
2012-09-29 18:00:00,594.0,525.6533935418786,667.0,598.0
2012-09-29 19:00:00,470.0,448.45087387996807,508.0,407.0
2012-09-29 20:00:00,315.0,348.56113116774924,336.0,325.0
2012-09-29 21:00:00,292.0,251.7632418018614,237.0,261.0
2012-09-29 22:00:00,221.0,245.97174208084797,220.0,239.0
2012-09-29 23:00:00,196.0,185.5237479558187,190.0,171.0
2012-09-30 00:00:00,147.0,162.09920466403892,149.0,180.0
2012-09-30 01:00:00,116.0,121.30662133651448,101.0,142.0
2012-09-30 02:00:00,92.0,87.17301895493297,92.0,95.0
2012-09-30 03:00:00,58.0,54.15484647128081,29.0,54.0
2012-09-30 04:00:00,7.0,19.552958170812744,14.0,10.0
2012-09-30 05:00:00,10.0,12.041511403192915,15.0,6.0
2012-09-30 06:00:00,22.0,24.639773769890834,37.0,16.0
2012-09-30 07:00:00,57.0,59.29728046698302,73.0,57.0
2012-09-30 08:00:00,144.0,154.17882532861805,211.0,175.0
2012-09-30 09:00:00,285.0,261.36163598971,332.0,276.0
2012-09-30 10:00:00,479.0,420.1769734629511,472.0,489.0
2012-09-30 11:00:00,591.0,514.6027507391658,663.0,570.0
2012-09-30 12:00:00,680.0,611.5821386791849,682.0,776.0
2012-09-30 13:00:00,594.0,600.4542237848848,686.0,702.0
2012-09-30 14:00:00,612.0,575.1246790428769,750.0,666.0
2012-09-30 15:00:00,649.0,557.0991610772398,727.0,640.0
2012-09-30 16:00:00,648.0,586.4403045957299,722.0,691.0
2012-09-30 17:00:00,575.0,580.166049524001,712.0,723.0
2012-09-30 18:00:00,401.0,492.0175074057259,594.0,540.0
2012-09-30 19:00:00,257.0,321.1758846504301,470.0,413.0
2012-09-30 20:00:00,194.0,219.26194818162472,315.0,252.0
2012-09-30 21:00:00,123.0,168.2105011083269,292.0,196.0
2012-09-30 22:00:00,91.0,119.50629600941126,221.0,138.0
2012-09-30 23:00:00,57.0,64.48761029727501,196.0,100.0
2012-10-01 00:00:00,45.0,25.785309622180623,147.0,64.0
2012-10-01 01:00:00,18.0,18.89448514715683,116.0,18.0
2012-10-01 02:00:00,12.0,9.65147873740949,92.0,8.0
2012-10-01 03:00:00,7.0,6.274499270724163,58.0,5.0
2012-10-01 04:00:00,10.0,4.524260072476482,7.0,8.0
2012-10-01 05:00:00,36.0,31.905347172273196,10.0,37.0
2012-10-01 06:00:00,155.0,142.68068899837232,22.0,168.0
2012-10-01 07:00:00,483.0,457.5050000013111,57.0,530.0
2012-10-01 08:00:00,784.0,713.1380066928858,144.0,750.0
2012-10-01 09:00:00,340.0,393.3421357352906,285.0,328.0
2012-10-01 10:00:00,179.0,247.85384756696217,479.0,198.0
2012-10-01 11:00:00,272.0,226.7069019589126,591.0,238.0
2012-10-01 12:00:00,323.0,341.0207329344449,680.0,342.0
2012-10-01 13:00:00,305.0,318.1288369084882,594.0,328.0
2012-10-01 14:00:00,244.0,318.1436471591699,612.0,303.0
2012-10-01 15:00:00,329.0,220.04996543992849,649.0,300.0
2012-10-01 16:00:00,459.0,500.85199458982896,648.0,516.0
2012-10-01 17:00:00,856.0,769.9346339657181,575.0,898.0
2012-10-01 18:00:00,613.0,811.8175672771706,401.0,853.0
2012-10-01 19:00:00,516.0,472.0375797922348,257.0,590.0
2012-10-01 20:00:00,262.0,373.6992265462032,194.0,432.0
2012-10-01 21:00:00,218.0,194.08744814585077,123.0,256.0
2012-10-01 22:00:00,207.0,155.17500724264545,91.0,172.0
2012-10-01 23:00:00,105.0,100.54024860947183,57.0,94.0
2012-10-02 00:00:00,31.0,52.63007706990152,45.0,64.0
2012-10-02 01:00:00,11.0,11.634271863349706,18.0,13.0
2012-10-02 02:00:00,2.0,8.263174155333857,12.0,14.0
2012-10-02 03:00:00,5.0,5.210710643648315,7.0,5.0
2012-10-02 04:00:00,10.0,6.604888914826836,10.0,9.0
2012-10-02 05:00:00,43.0,35.970822079629464,36.0,47.0
2012-10-02 06:00:00,179.0,166.54032859732683,155.0,194.0
2012-10-02 07:00:00,260.0,518.6724083781855,483.0,556.0
2012-10-02 08:00:00,134.0,564.6959263026918,784.0,805.0
2012-10-02 09:00:00,86.0,190.0213607051983,340.0,409.0
2012-10-02 10:00:00,45.0,109.95539641197901,179.0,170.0
2012-10-02 11:00:00,99.0,79.33329581428094,272.0,218.0
2012-10-02 12:00:00,104.0,168.71257388551464,323.0,302.0
2012-10-02 13:00:00,154.0,148.89668972370052,305.0,305.0
2012-10-02 14:00:00,163.0,173.38421821985122,244.0,293.0
2012-10-02 15:00:00,209.0,208.51961764012108,329.0,303.0
2012-10-02 16:00:00,374.0,359.95132255686224,459.0,495.0
2012-10-02 17:00:00,715.0,792.6151613771265,856.0,967.0
2012-10-02 18:00:00,687.0,668.4646527871046,613.0,822.0
2012-10-02 19:00:00,395.0,473.93544085793116,516.0,539.0
2012-10-02 20:00:00,306.0,303.5974153019905,262.0,425.0
2012-10-02 21:00:00,289.0,243.0064680028658,218.0,297.0
2012-10-02 22:00:00,240.0,195.60136441496653,207.0,188.0
2012-10-02 23:00:00,98.0,143.34305215708625,105.0,98.0
2012-10-03 00:00:00,52.0,51.07386546082049,31.0,40.0
2012-10-03 01:00:00,19.0,21.395025687733913,11.0,29.0
2012-10-03 02:00:00,9.0,10.67059417146199,2.0,17.0
2012-10-03 03:00:00,7.0,5.755100378116635,5.0,10.0
2012-10-03 04:00:00,11.0,7.121192960248014,10.0,14.0
2012-10-03 05:00:00,34.0,32.101013844623914,43.0,36.0
2012-10-03 06:00:00,177.0,145.29362275076815,179.0,182.0
2012-10-03 07:00:00,515.0,460.30554155226145,260.0,532.0
2012-10-03 08:00:00,809.0,704.8893242691605,134.0,838.0
2012-10-03 09:00:00,362.0,383.8324697445731,86.0,334.0
2012-10-03 10:00:00,175.0,197.74484585067717,45.0,185.0
2012-10-03 11:00:00,230.0,210.4086725115637,99.0,227.0
2012-10-03 12:00:00,358.0,274.33305558604934,104.0,316.0
2012-10-03 13:00:00,279.0,317.475648894837,154.0,340.0
2012-10-03 14:00:00,251.0,254.42253543612398,163.0,277.0
2012-10-03 15:00:00,319.0,257.6974007861605,209.0,300.0
2012-10-03 16:00:00,478.0,447.90615881303023,374.0,468.0
2012-10-03 17:00:00,917.0,754.5380190675448,715.0,953.0
2012-10-03 18:00:00,810.0,777.9993900973388,687.0,884.0
2012-10-03 19:00:00,593.0,591.8254239883769,395.0,627.0
2012-10-03 20:00:00,497.0,400.7399004509555,306.0,434.0
2012-10-03 21:00:00,209.0,344.1492619002605,289.0,360.0
2012-10-03 22:00:00,241.0,180.27461645229656,240.0,215.0
2012-10-03 23:00:00,220.0,146.0518961673612,98.0,115.0
2012-10-04 00:00:00,76.0,156.99033965393377,52.0,65.0
2012-10-04 01:00:00,25.0,35.33111601235134,19.0,21.0
2012-10-04 02:00:00,13.0,14.607203544570737,9.0,16.0
2012-10-04 03:00:00,11.0,9.461498699054227,7.0,7.0
2012-10-04 04:00:00,10.0,8.5568918753123,11.0,8.0
2012-10-04 05:00:00,39.0,44.05801515924265,34.0,66.0
2012-10-04 06:00:00,133.0,171.79061463108263,177.0,169.0
2012-10-04 07:00:00,391.0,331.8084190887498,515.0,558.0
2012-10-04 08:00:00,738.0,761.46197525435,809.0,794.0
2012-10-04 09:00:00,359.0,365.93847501895317,362.0,335.0
2012-10-04 10:00:00,177.0,202.7891697957089,175.0,208.0
2012-10-04 11:00:00,214.0,231.65650548115852,230.0,294.0
2012-10-04 12:00:00,288.0,283.3965292403123,358.0,335.0
2012-10-04 13:00:00,294.0,291.74866178127184,279.0,326.0
2012-10-04 14:00:00,267.0,265.19993333349174,251.0,258.0
2012-10-04 15:00:00,325.0,302.3385892895498,319.0,296.0
2012-10-04 16:00:00,497.0,471.9568220100837,478.0,472.0
2012-10-04 17:00:00,901.0,830.4735049626115,917.0,905.0
2012-10-04 18:00:00,887.0,826.1348078747972,810.0,899.0
2012-10-04 19:00:00,534.0,610.8695812863378,593.0,559.0
2012-10-04 20:00:00,441.0,399.187451697214,497.0,457.0
2012-10-04 21:00:00,321.0,308.1739220740071,209.0,253.0
2012-10-04 22:00:00,232.0,240.14696306152567,241.0,47.0
2012-10-04 23:00:00,155.0,175.14559475113649,220.0,45.0
2012-10-05 00:00:00,102.0,75.29462585828662,76.0,17.0
2012-10-05 01:00:00,46.0,56.41487383619335,25.0,13.0
2012-10-05 02:00:00,11.0,16.497258773161168,13.0,10.0
2012-10-05 03:00:00,16.0,7.441857647097517,11.0,7.0
2012-10-05 04:00:00,11.0,10.07791700908058,10.0,12.0
2012-10-05 05:00:00,41.0,34.07544593907638,39.0,38.0
2012-10-05 06:00:00,137.0,153.48023272301452,133.0,138.0
2012-10-05 07:00:00,428.0,357.5810908640131,391.0,394.0
2012-10-05 08:00:00,785.0,692.1166756924076,738.0,705.0
2012-10-05 09:00:00,384.0,507.0369298074438,359.0,426.0
2012-10-05 10:00:00,260.0,257.9582175240606,177.0,245.0
2012-10-05 11:00:00,304.0,308.6719191622065,214.0,361.0
2012-10-05 12:00:00,468.0,354.4322131446155,288.0,380.0
2012-10-05 13:00:00,424.0,430.17841174194564,294.0,410.0
2012-10-05 14:00:00,400.0,406.3816277483448,267.0,399.0
2012-10-05 15:00:00,470.0,418.3018937267028,325.0,392.0
2012-10-05 16:00:00,634.0,503.7580151284761,497.0,502.0
2012-10-05 17:00:00,900.0,745.0773714057832,901.0,808.0
2012-10-05 18:00:00,761.0,738.6809533804634,887.0,667.0
2012-10-05 19:00:00,500.0,510.9797683807906,534.0,508.0
2012-10-05 20:00:00,372.0,351.8633143057851,441.0,336.0
2012-10-05 21:00:00,267.0,275.44995767596646,321.0,237.0
2012-10-05 22:00:00,264.0,226.77355467912707,232.0,220.0
2012-10-05 23:00:00,171.0,213.05645055262465,155.0,190.0
2012-10-06 00:00:00,191.0,134.46587450068847,102.0,149.0
2012-10-06 01:00:00,141.0,125.88981959437842,46.0,101.0
2012-10-06 02:00:00,75.0,96.14013176319624,11.0,92.0
2012-10-06 03:00:00,56.0,34.33783624898538,16.0,29.0
2012-10-06 04:00:00,11.0,20.813903315256113,11.0,14.0
2012-10-06 05:00:00,10.0,17.65139137510055,41.0,15.0
2012-10-06 06:00:00,30.0,37.32355852665027,137.0,37.0
2012-10-06 07:00:00,84.0,59.62207078321499,428.0,73.0
2012-10-06 08:00:00,206.0,204.9925770562454,785.0,211.0
2012-10-06 09:00:00,395.0,324.8944648348592,384.0,332.0
2012-10-06 10:00:00,539.0,478.98720575785336,260.0,472.0
2012-10-06 11:00:00,647.0,588.4614586329984,304.0,663.0
2012-10-06 12:00:00,743.0,606.5110704997198,468.0,682.0
2012-10-06 13:00:00,710.0,638.5802796839357,424.0,686.0
2012-10-06 14:00:00,576.0,640.9653801943375,400.0,750.0
2012-10-06 15:00:00,620.0,583.1625148411916,470.0,727.0
2012-10-06 16:00:00,659.0,572.5064237971792,634.0,722.0
2012-10-06 17:00:00,610.0,576.998852746599,900.0,712.0
2012-10-06 18:00:00,495.0,492.9295801087712,761.0,594.0
2012-10-06 19:00:00,341.0,339.64933606386865,500.0,470.0
2012-10-06 20:00:00,247.0,275.1679559538799,372.0,315.0
2012-10-06 21:00:00,215.0,205.61026560663817,267.0,292.0
2012-10-06 22:00:00,185.0,197.35107628232421,264.0,221.0
2012-10-06 23:00:00,179.0,169.78629881946955,171.0,196.0
2012-10-07 00:00:00,127.0,165.84408446775802,191.0,147.0
2012-10-07 01:00:00,109.0,119.75987259177307,141.0,116.0
2012-10-07 02:00:00,74.0,79.46375925903834,75.0,92.0
2012-10-07 03:00:00,22.0,47.07341170767476,56.0,58.0
2012-10-07 04:00:00,11.0,10.254712751540662,11.0,7.0
2012-10-07 05:00:00,10.0,13.218370960950473,10.0,10.0
2012-10-07 06:00:00,23.0,26.126021975187573,30.0,22.0
2012-10-07 07:00:00,35.0,59.72170875324622,84.0,57.0
2012-10-07 08:00:00,62.0,131.3943401401428,206.0,144.0
2012-10-07 09:00:00,86.0,133.7095704225347,395.0,285.0
2012-10-07 10:00:00,185.0,183.34753545914953,539.0,479.0
2012-10-07 11:00:00,336.0,190.4009817238039,647.0,591.0
2012-10-07 12:00:00,392.0,445.9048274780163,743.0,680.0
2012-10-07 13:00:00,320.0,470.901390464281,710.0,594.0
2012-10-07 14:00:00,314.0,378.6012824915461,576.0,612.0
2012-10-07 15:00:00,306.0,367.63638811774496,620.0,649.0
2012-10-07 16:00:00,333.0,336.4975879915912,659.0,648.0
2012-10-07 17:00:00,157.0,382.7303013328578,610.0,575.0
2012-10-07 18:00:00,106.0,168.05713532402794,495.0,401.0
2012-10-07 19:00:00,114.0,131.54228541481496,341.0,257.0
2012-10-07 20:00:00,116.0,111.25164367388419,247.0,194.0
2012-10-07 21:00:00,113.0,105.22461435951175,215.0,123.0
2012-10-07 22:00:00,79.0,103.60758806957462,185.0,91.0
2012-10-07 23:00:00,80.0,58.981248898265605,179.0,57.0
2012-10-08 00:00:00,51.0,46.545749735601284,127.0,45.0
2012-10-08 01:00:00,37.0,19.47721302018003,109.0,18.0
2012-10-08 02:00:00,15.0,15.181253469778083,74.0,12.0
2012-10-08 03:00:00,10.0,7.151451143629398,22.0,7.0
2012-10-08 04:00:00,7.0,6.095484032424249,11.0,10.0
2012-10-08 05:00:00,19.0,26.70477286739213,10.0,36.0
2012-10-08 06:00:00,59.0,87.26512796659263,23.0,155.0
2012-10-08 07:00:00,154.0,140.03507284285158,35.0,483.0
2012-10-08 08:00:00,397.0,387.602654064345,62.0,784.0
2012-10-08 09:00:00,332.0,280.6347916755111,86.0,340.0
2012-10-08 10:00:00,298.0,175.67911002333275,185.0,179.0
2012-10-08 11:00:00,308.0,309.7235430369028,336.0,272.0
2012-10-08 12:00:00,341.0,344.1665540365883,392.0,323.0
2012-10-08 13:00:00,405.0,328.1338293791807,320.0,305.0
2012-10-08 14:00:00,420.0,418.6831072155614,314.0,244.0
2012-10-08 15:00:00,370.0,420.4660001753092,306.0,329.0
2012-10-08 16:00:00,377.0,459.34389235898306,333.0,459.0
2012-10-08 17:00:00,497.0,727.0865144746077,157.0,856.0
2012-10-08 18:00:00,456.0,523.7869957333639,106.0,613.0
2012-10-08 19:00:00,371.0,348.49648342618684,114.0,516.0
2012-10-08 20:00:00,227.0,264.71134988790874,116.0,262.0
2012-10-08 21:00:00,151.0,169.0136863878505,113.0,218.0
2012-10-08 22:00:00,107.0,129.27488404557985,79.0,207.0
2012-10-08 23:00:00,69.0,59.749507181888056,80.0,105.0
2012-10-09 00:00:00,31.0,29.187032942500018,51.0,31.0
2012-10-09 01:00:00,13.0,10.834144630976153,37.0,11.0
2012-10-09 02:00:00,7.0,7.301720084934966,15.0,2.0
2012-10-09 03:00:00,3.0,5.836741822407177,10.0,5.0
2012-10-09 04:00:00,7.0,5.144818043805521,7.0,10.0
2012-10-09 05:00:00,19.0,35.22615162200282,19.0,43.0
2012-10-09 06:00:00,143.0,101.61769183629545,59.0,179.0
2012-10-09 07:00:00,362.0,427.523332334408,154.0,260.0
2012-10-09 08:00:00,713.0,518.974120250069,397.0,134.0
2012-10-09 09:00:00,382.0,306.98031544284817,332.0,86.0
2012-10-09 10:00:00,164.0,247.50862273187968,298.0,45.0
2012-10-09 11:00:00,193.0,196.55710551223942,308.0,99.0
2012-10-09 12:00:00,260.0,221.27835127670394,341.0,104.0
2012-10-09 13:00:00,238.0,293.11168526942805,405.0,154.0
2012-10-09 14:00:00,244.0,256.21486306358855,420.0,163.0
2012-10-09 15:00:00,254.0,270.55564409397033,370.0,209.0
2012-10-09 16:00:00,424.0,369.2459216961973,377.0,374.0
2012-10-09 17:00:00,806.0,776.4062151097842,497.0,715.0
2012-10-09 18:00:00,784.0,722.1634601118334,456.0,687.0
2012-10-09 19:00:00,514.0,519.9576366481826,371.0,395.0
2012-10-09 20:00:00,360.0,327.698509737488,227.0,306.0
2012-10-09 21:00:00,225.0,265.0404915042838,151.0,289.0
2012-10-09 22:00:00,162.0,170.5682902667959,107.0,240.0
2012-10-09 23:00:00,84.0,89.0167092358785,69.0,98.0
2012-10-10 00:00:00,33.0,39.01071158028715,31.0,52.0
2012-10-10 01:00:00,8.0,13.995453324526355,13.0,19.0
2012-10-10 02:00:00,8.0,6.24092662194479,7.0,9.0
2012-10-10 03:00:00,6.0,5.889799375656357,3.0,7.0
2012-10-10 04:00:00,6.0,6.72142428408218,7.0,11.0
2012-10-10 05:00:00,40.0,32.414118917862524,19.0,34.0
2012-10-10 06:00:00,175.0,158.13838532031187,143.0,177.0
2012-10-10 07:00:00,507.0,507.264905957433,362.0,515.0
2012-10-10 08:00:00,839.0,718.6299104308983,713.0,809.0
2012-10-10 09:00:00,366.0,449.21910794725846,382.0,362.0
2012-10-10 10:00:00,217.0,197.32844966003748,164.0,175.0
2012-10-10 11:00:00,291.0,235.11009274180495,193.0,230.0
2012-10-10 12:00:00,390.0,328.88544466742275,260.0,358.0
2012-10-10 13:00:00,297.0,355.0717439506273,238.0,279.0
2012-10-10 14:00:00,271.0,273.62037593804087,244.0,251.0
2012-10-10 15:00:00,319.0,291.23989455365313,254.0,319.0
2012-10-10 16:00:00,566.0,469.2132161317767,424.0,478.0
2012-10-10 17:00:00,948.0,815.9940287882685,806.0,917.0
2012-10-10 18:00:00,844.0,858.5639121198751,784.0,810.0
2012-10-10 19:00:00,566.0,596.6077825756423,514.0,593.0
2012-10-10 20:00:00,392.0,431.29503646792114,360.0,497.0
2012-10-10 21:00:00,269.0,269.8954043883695,225.0,209.0
2012-10-10 22:00:00,197.0,220.1008862302273,162.0,241.0
2012-10-10 23:00:00,136.0,148.4005989519976,84.0,220.0
2012-10-11 00:00:00,42.0,68.40316236591345,33.0,76.0
2012-10-11 01:00:00,11.0,22.957371133818633,8.0,25.0
2012-10-11 02:00:00,11.0,9.08406078016642,8.0,13.0
2012-10-11 03:00:00,3.0,8.70095339392409,6.0,11.0
2012-10-11 04:00:00,10.0,6.885212048520961,6.0,10.0
2012-10-11 05:00:00,42.0,40.09072413046358,40.0,39.0
2012-10-11 06:00:00,159.0,171.8819484570821,175.0,133.0
2012-10-11 07:00:00,478.0,476.1724089807311,507.0,391.0
2012-10-11 08:00:00,798.0,790.3465640022558,839.0,738.0
2012-10-11 09:00:00,355.0,394.7393118328053,366.0,359.0
2012-10-11 10:00:00,204.0,196.49174023317923,217.0,177.0
2012-10-11 11:00:00,251.0,236.8688707938134,291.0,214.0
2012-10-11 12:00:00,326.0,303.1262470378288,390.0,288.0
2012-10-11 13:00:00,291.0,308.7624603312322,297.0,294.0
2012-10-11 14:00:00,348.0,280.6219693490886,271.0,267.0
2012-10-11 15:00:00,460.0,348.47731336361676,319.0,325.0
2012-10-11 16:00:00,481.0,574.7309131976026,566.0,497.0
2012-10-11 17:00:00,827.0,853.3964650044968,948.0,901.0
2012-10-11 18:00:00,692.0,817.5585580689728,844.0,887.0
2012-10-11 19:00:00,743.0,544.8067664119254,566.0,534.0
2012-10-11 20:00:00,415.0,480.66815804148007,392.0,441.0
2012-10-11 21:00:00,260.0,279.8078472261575,269.0,321.0
2012-10-11 22:00:00,177.0,205.45474373542916,197.0,232.0
2012-10-11 23:00:00,186.0,135.0692890443574,136.0,155.0
2012-10-12 00:00:00,68.0,106.44991378033434,42.0,102.0
2012-10-12 01:00:00,37.0,39.124420106106136,11.0,46.0
2012-10-12 02:00:00,16.0,15.000524053694171,11.0,11.0
2012-10-12 03:00:00,6.0,12.031960554594814,3.0,16.0
2012-10-12 04:00:00,8.0,8.788729851209753,10.0,11.0
2012-10-12 05:00:00,35.0,34.559182255843076,42.0,41.0
2012-10-12 06:00:00,143.0,145.6815181391004,159.0,137.0
2012-10-12 07:00:00,392.0,436.4130762684792,478.0,428.0
2012-10-12 08:00:00,745.0,734.6778771421269,798.0,785.0
2012-10-12 09:00:00,400.0,345.08147047333927,355.0,384.0
2012-10-12 10:00:00,275.0,258.9163881121009,204.0,260.0
2012-10-12 11:00:00,313.0,315.4078624805677,251.0,304.0
2012-10-12 12:00:00,387.0,367.3328412830904,326.0,468.0
2012-10-12 13:00:00,381.0,384.72151092145884,291.0,424.0
2012-10-12 14:00:00,371.0,387.12939178562254,348.0,400.0
2012-10-12 15:00:00,455.0,418.6957538799871,460.0,470.0
2012-10-12 16:00:00,520.0,579.6534496831197,481.0,634.0
2012-10-12 17:00:00,837.0,767.4985619065786,827.0,900.0
2012-10-12 18:00:00,642.0,709.5231894386089,692.0,761.0
2012-10-12 19:00:00,493.0,481.2107738111589,743.0,500.0
2012-10-12 20:00:00,308.0,342.85280188022443,415.0,372.0
2012-10-12 21:00:00,190.0,249.89070849620754,260.0,267.0
2012-10-12 22:00:00,160.0,189.01068488461996,177.0,264.0
2012-10-12 23:00:00,100.0,138.2120771126113,186.0,171.0
2012-10-13 00:00:00,249.0,106.07999921554757,68.0,191.0
2012-10-13 01:00:00,146.0,169.14883539615806,37.0,141.0
2012-10-13 02:00:00,67.0,93.9067539164697,16.0,75.0
2012-10-13 03:00:00,15.0,42.762119593386196,6.0,56.0
2012-10-13 04:00:00,11.0,9.498748691674443,8.0,11.0
2012-10-13 05:00:00,11.0,12.635955008824444,35.0,10.0
2012-10-13 06:00:00,28.0,31.33689276313047,143.0,30.0
2012-10-13 07:00:00,70.0,72.20655842606666,392.0,84.0
2012-10-13 08:00:00,174.0,177.6502215853532,745.0,206.0
2012-10-13 09:00:00,266.0,317.1111102147274,400.0,395.0
2012-10-13 10:00:00,347.0,399.2745210445363,275.0,539.0
2012-10-13 11:00:00,527.0,420.8839541739936,313.0,647.0
2012-10-13 12:00:00,573.0,627.5192159070504,387.0,743.0
2012-10-13 13:00:00,670.0,565.8798707411404,381.0,710.0
2012-10-13 14:00:00,597.0,654.6887424031512,371.0,576.0
2012-10-13 15:00:00,615.0,578.1958459521496,455.0,620.0
2012-10-13 16:00:00,637.0,587.7088238635441,520.0,659.0
2012-10-13 17:00:00,528.0,614.790217902723,837.0,610.0
2012-10-13 18:00:00,473.0,477.3393388240863,642.0,495.0
2012-10-13 19:00:00,332.0,370.60714488716127,493.0,341.0
2012-10-13 20:00:00,255.0,234.30010811283742,308.0,247.0
2012-10-13 21:00:00,204.0,203.2348354642208,190.0,215.0
2012-10-13 22:00:00,189.0,172.61496796337275,160.0,185.0
2012-10-13 23:00:00,125.0,149.70224722071944,100.0,179.0
2012-10-14 00:00:00,111.0,159.45726552401882,249.0,127.0
2012-10-14 01:00:00,112.0,108.51102462113903,146.0,109.0
2012-10-14 02:00:00,66.0,80.00946046664434,67.0,74.0
2012-10-14 03:00:00,28.0,28.118956366434823,15.0,22.0
2012-10-14 04:00:00,12.0,12.482526953964625,11.0,11.0
2012-10-14 05:00:00,11.0,11.378153230144932,11.0,10.0
2012-10-14 06:00:00,24.0,23.356291802984742,28.0,23.0
2012-10-14 07:00:00,51.0,62.619472703092434,70.0,35.0
2012-10-14 08:00:00,132.0,98.84787304421113,174.0,62.0
2012-10-14 09:00:00,223.0,205.1763919457177,266.0,86.0
2012-10-14 10:00:00,428.0,304.0312924593537,347.0,185.0
2012-10-14 11:00:00,494.0,488.3677491853377,527.0,336.0
2012-10-14 12:00:00,562.0,531.9810745162051,573.0,392.0
2012-10-14 13:00:00,619.0,625.7874790767195,670.0,320.0
2012-10-14 14:00:00,617.0,579.3465463035126,597.0,314.0
2012-10-14 15:00:00,568.0,575.2769519204367,615.0,306.0
2012-10-14 16:00:00,581.0,491.3980356402043,637.0,333.0
2012-10-14 17:00:00,539.0,535.6541982452002,528.0,157.0
2012-10-14 18:00:00,453.0,477.8212590120174,473.0,106.0
2012-10-14 19:00:00,336.0,355.47682478259094,332.0,114.0
2012-10-14 20:00:00,246.0,246.19210682759265,255.0,116.0
2012-10-14 21:00:00,196.0,175.4107198166581,204.0,113.0
2012-10-14 22:00:00,125.0,144.91831418522872,189.0,79.0
2012-10-14 23:00:00,105.0,92.45704803847828,125.0,80.0
2012-10-15 00:00:00,48.0,59.45286162711628,111.0,51.0
2012-10-15 01:00:00,29.0,26.691740476733713,112.0,37.0
2012-10-15 02:00:00,6.0,14.483680878995122,66.0,15.0
2012-10-15 03:00:00,4.0,5.233360803446658,28.0,10.0
2012-10-15 04:00:00,10.0,4.732596902163796,12.0,7.0
2012-10-15 05:00:00,40.0,23.291891275688123,11.0,19.0
2012-10-15 06:00:00,147.0,143.36194341037654,24.0,59.0
2012-10-15 07:00:00,476.0,344.0898927303985,51.0,154.0
2012-10-15 08:00:00,737.0,527.8961905303474,132.0,397.0
2012-10-15 09:00:00,359.0,344.87405155577534,223.0,332.0
2012-10-15 10:00:00,168.0,279.2071719543376,428.0,298.0
2012-10-15 11:00:00,263.0,226.746484920232,494.0,308.0
2012-10-15 12:00:00,284.0,324.11389509906644,562.0,341.0
2012-10-15 13:00:00,146.0,242.03535345381874,619.0,405.0
2012-10-15 14:00:00,185.0,139.16016302599928,617.0,420.0
2012-10-15 15:00:00,260.0,202.7347465047308,568.0,370.0
2012-10-15 16:00:00,447.0,388.05071243148956,581.0,377.0
2012-10-15 17:00:00,766.0,640.0939482443597,539.0,497.0
2012-10-15 18:00:00,592.0,668.0923005981365,453.0,456.0
2012-10-15 19:00:00,239.0,413.32220563841264,336.0,371.0
2012-10-15 20:00:00,256.0,179.4790939622076,246.0,227.0
2012-10-15 21:00:00,206.0,184.63998643029194,196.0,151.0
2012-10-15 22:00:00,126.0,139.08488456857435,125.0,107.0
2012-10-15 23:00:00,81.0,78.77847943919818,105.0,69.0
2012-10-16 00:00:00,48.0,36.15172613644552,48.0,31.0
2012-10-16 01:00:00,13.0,16.22280693608689,29.0,13.0
2012-10-16 02:00:00,3.0,6.811067489321784,6.0,7.0
2012-10-16 03:00:00,2.0,4.126613353596681,4.0,3.0
2012-10-16 04:00:00,7.0,4.96855707837778,10.0,7.0
2012-10-16 05:00:00,52.0,23.296819266508372,40.0,19.0
2012-10-16 06:00:00,172.0,160.53059755071837,147.0,143.0
2012-10-16 07:00:00,525.0,506.3220330447202,476.0,362.0
2012-10-16 08:00:00,835.0,729.9162604929857,737.0,713.0
2012-10-16 09:00:00,355.0,443.86946096896867,359.0,382.0
2012-10-16 10:00:00,222.0,187.71453718268614,168.0,164.0
2012-10-16 11:00:00,228.0,255.93106638639375,263.0,193.0
2012-10-16 12:00:00,325.0,274.6030418396606,284.0,260.0
2012-10-16 13:00:00,328.0,266.3287314340574,146.0,238.0
2012-10-16 14:00:00,308.0,276.61799922779096,185.0,244.0
2012-10-16 15:00:00,346.0,309.24667569465953,260.0,254.0
2012-10-16 16:00:00,446.0,456.85657710129925,447.0,424.0
2012-10-16 17:00:00,943.0,821.018951811473,766.0,806.0
2012-10-16 18:00:00,838.0,797.3299213604959,592.0,784.0
2012-10-16 19:00:00,531.0,560.2287853642601,239.0,514.0
2012-10-16 20:00:00,432.0,363.310953297888,256.0,360.0
2012-10-16 21:00:00,195.0,296.13221569241887,206.0,225.0
2012-10-16 22:00:00,181.0,150.58174178356913,126.0,162.0
2012-10-16 23:00:00,199.0,95.19245036360712,81.0,84.0
2012-10-17 00:00:00,49.0,136.1432431998506,48.0,33.0
2012-10-17 01:00:00,17.0,16.07801542647222,13.0,8.0
2012-10-17 02:00:00,16.0,8.278348370438929,3.0,8.0
2012-10-17 03:00:00,7.0,8.278348370438929,2.0,6.0
2012-10-17 04:00:00,4.0,6.473913916881695,7.0,6.0
2012-10-17 05:00:00,41.0,36.46475279683734,52.0,40.0
2012-10-17 06:00:00,178.0,176.1234787071688,172.0,175.0
2012-10-17 07:00:00,464.0,512.9551161827326,525.0,507.0
2012-10-17 08:00:00,817.0,797.1317277206933,835.0,839.0
2012-10-17 09:00:00,382.0,399.8676043336826,355.0,366.0
2012-10-17 10:00:00,228.0,225.93545100408232,222.0,217.0
2012-10-17 11:00:00,234.0,257.17964278478047,228.0,291.0
2012-10-17 12:00:00,332.0,260.1466587359345,325.0,390.0
2012-10-17 13:00:00,310.0,322.05802700307765,328.0,297.0
2012-10-17 14:00:00,270.0,295.1281127615518,308.0,271.0
2012-10-17 15:00:00,301.0,315.7282485387487,346.0,319.0
2012-10-17 16:00:00,466.0,477.29588540166907,446.0,566.0
2012-10-17 17:00:00,888.0,856.0919505342127,943.0,948.0
2012-10-17 18:00:00,884.0,850.5082099337081,838.0,844.0
2012-10-17 19:00:00,516.0,594.6024082966804,531.0,566.0
2012-10-17 20:00:00,414.0,379.7582636279448,432.0,392.0
2012-10-17 21:00:00,329.0,292.18482265234064,195.0,269.0
2012-10-17 22:00:00,215.0,225.62854198222126,181.0,197.0
2012-10-17 23:00:00,99.0,151.24322321587505,199.0,136.0
2012-10-18 00:00:00,57.0,52.6266334227405,49.0,42.0
2012-10-18 01:00:00,14.0,18.49424890400425,17.0,11.0
2012-10-18 02:00:00,14.0,10.095287989482921,16.0,11.0
2012-10-18 03:00:00,5.0,8.024379260212344,7.0,3.0
2012-10-18 04:00:00,5.0,6.910528243972986,4.0,10.0
2012-10-18 05:00:00,42.0,36.63982661693458,41.0,42.0
2012-10-18 06:00:00,153.0,170.69295138327018,178.0,159.0
2012-10-18 07:00:00,508.0,465.6329210982961,464.0,478.0
2012-10-18 08:00:00,834.0,780.4471374064291,817.0,798.0
2012-10-18 09:00:00,387.0,453.1542676261333,382.0,355.0
2012-10-18 10:00:00,218.0,224.0966827063821,228.0,204.0
2012-10-18 11:00:00,268.0,262.8927023435106,234.0,251.0
2012-10-18 12:00:00,377.0,321.13309447607446,332.0,326.0
2012-10-18 13:00:00,332.0,357.31462011064485,310.0,291.0
2012-10-18 14:00:00,285.0,311.54594764925946,270.0,348.0
2012-10-18 15:00:00,353.0,332.43667818799776,301.0,460.0
2012-10-18 16:00:00,450.0,489.43632181424493,466.0,481.0
2012-10-18 17:00:00,890.0,836.6842757799986,888.0,827.0
2012-10-18 18:00:00,788.0,817.5776079101587,884.0,692.0
2012-10-18 19:00:00,513.0,655.7989473658685,516.0,743.0
2012-10-18 20:00:00,387.0,385.6558734098366,414.0,415.0
2012-10-18 21:00:00,283.0,281.82121017281196,329.0,260.0
2012-10-18 22:00:00,229.0,211.49292635362787,215.0,177.0
2012-10-18 23:00:00,117.0,159.56611510968813,99.0,186.0
2012-10-19 00:00:00,56.0,66.9843720220865,57.0,68.0
2012-10-19 01:00:00,16.0,29.17041566245208,14.0,37.0
2012-10-19 02:00:00,10.0,12.256280787499943,14.0,16.0
2012-10-19 03:00:00,5.0,7.1764501081857395,5.0,6.0
2012-10-19 04:00:00,6.0,6.779110012122091,5.0,8.0
2012-10-19 05:00:00,36.0,33.8836748589329,42.0,35.0
2012-10-19 06:00:00,131.0,139.73125143292344,153.0,143.0
2012-10-19 07:00:00,154.0,343.0338728149728,508.0,392.0
2012-10-19 08:00:00,467.0,341.97709706318454,834.0,745.0
2012-10-19 09:00:00,389.0,370.5639402693384,387.0,400.0
2012-10-19 10:00:00,224.0,271.0083578615899,218.0,275.0
2012-10-19 11:00:00,252.0,288.54633382781026,268.0,313.0
2012-10-19 12:00:00,332.0,286.9083297543888,377.0,387.0
2012-10-19 13:00:00,375.0,338.79769846766465,332.0,381.0
2012-10-19 14:00:00,365.0,376.87944186200707,285.0,371.0
2012-10-19 15:00:00,395.0,404.225490036663,353.0,455.0
2012-10-19 16:00:00,565.0,518.3834884471269,450.0,520.0
2012-10-19 17:00:00,425.0,733.7984730482302,890.0,837.0
2012-10-19 18:00:00,233.0,581.464331991306,788.0,642.0
2012-10-19 19:00:00,232.0,247.07810520722077,513.0,493.0
2012-10-19 20:00:00,229.0,212.61015896549367,387.0,308.0
2012-10-19 21:00:00,206.0,193.94266271454373,283.0,190.0
2012-10-19 22:00:00,190.0,176.6264384050495,229.0,160.0
2012-10-19 23:00:00,131.0,132.04416854950466,117.0,100.0
2012-10-20 00:00:00,123.0,252.27101090605385,56.0,249.0
2012-10-20 01:00:00,95.0,107.00208508031531,16.0,146.0
2012-10-20 02:00:00,78.0,65.57344862706108,10.0,67.0
2012-10-20 03:00:00,29.0,40.91300018955725,5.0,15.0
2012-10-20 04:00:00,18.0,11.659176273247992,6.0,11.0
2012-10-20 05:00:00,13.0,14.291377185351326,36.0,11.0
2012-10-20 06:00:00,31.0,33.81394289695617,131.0,28.0
2012-10-20 07:00:00,65.0,73.91244698938767,154.0,70.0
2012-10-20 08:00:00,193.0,161.88979163197146,467.0,174.0
2012-10-20 09:00:00,363.0,319.4473861373331,389.0,266.0
2012-10-20 10:00:00,423.0,363.5689414945403,224.0,347.0
2012-10-20 11:00:00,612.0,468.94491242481257,252.0,527.0
2012-10-20 12:00:00,703.0,615.4819298740904,332.0,573.0
2012-10-20 13:00:00,714.0,644.9386360253142,375.0,670.0
2012-10-20 14:00:00,711.0,625.8923995285494,365.0,597.0
2012-10-20 15:00:00,711.0,625.3128390435126,395.0,615.0
2012-10-20 16:00:00,691.0,617.424304114159,565.0,637.0
2012-10-20 17:00:00,731.0,642.8283910041424,425.0,528.0
2012-10-20 18:00:00,521.0,629.7588454032117,233.0,473.0
2012-10-20 19:00:00,345.0,413.2719664588251,232.0,332.0
2012-10-20 20:00:00,259.0,258.6779657859712,229.0,255.0
2012-10-20 21:00:00,296.0,214.76660524412443,206.0,204.0
2012-10-20 22:00:00,202.0,248.1375514382231,190.0,189.0
2012-10-20 23:00:00,163.0,163.46230230448808,131.0,125.0
2012-10-21 00:00:00,154.0,121.59731280740009,123.0,111.0
2012-10-21 01:00:00,117.0,122.03001291157014,95.0,112.0
2012-10-21 02:00:00,132.0,85.24104131635038,78.0,66.0
2012-10-21 03:00:00,41.0,80.91345592798396,29.0,28.0
2012-10-21 04:00:00,21.0,20.139826298917605,18.0,12.0
2012-10-21 05:00:00,10.0,16.258271982941782,13.0,11.0
2012-10-21 06:00:00,26.0,28.25381612420072,31.0,24.0
2012-10-21 07:00:00,56.0,66.22072085668617,65.0,51.0
2012-10-21 08:00:00,143.0,149.4837135361285,193.0,132.0
2012-10-21 09:00:00,269.0,251.88147123679806,363.0,223.0
2012-10-21 10:00:00,443.0,433.105240149775,423.0,428.0
2012-10-21 11:00:00,547.0,509.4662869097071,612.0,494.0
2012-10-21 12:00:00,675.0,568.0334508071435,703.0,562.0
2012-10-21 13:00:00,626.0,610.1915457714153,714.0,619.0
2012-10-21 14:00:00,640.0,573.374630999247,711.0,617.0
2012-10-21 15:00:00,623.0,591.2267651880397,711.0,568.0
2012-10-21 16:00:00,591.0,598.5774266265504,691.0,581.0
2012-10-21 17:00:00,491.0,585.4176118302338,731.0,539.0
2012-10-21 18:00:00,413.0,401.33340804366895,521.0,453.0
2012-10-21 19:00:00,266.0,322.0511283880066,345.0,336.0
2012-10-21 20:00:00,195.0,212.9283908046043,259.0,246.0
2012-10-21 21:00:00,166.0,167.8580076950042,296.0,196.0
2012-10-21 22:00:00,113.0,132.55552453315548,202.0,125.0
2012-10-21 23:00:00,66.0,83.28368172603719,163.0,105.0
2012-10-22 00:00:00,31.0,18.67823487452982,154.0,48.0
2012-10-22 01:00:00,11.0,16.965854237217133,117.0,29.0
2012-10-22 02:00:00,5.0,5.392877007973173,132.0,6.0
2012-10-22 03:00:00,6.0,5.307322886830015,41.0,4.0
2012-10-22 04:00:00,7.0,5.658450133118448,21.0,10.0
2012-10-22 05:00:00,46.0,31.501876065874068,10.0,40.0
2012-10-22 06:00:00,144.0,164.85788558846906,26.0,147.0
2012-10-22 07:00:00,452.0,433.24624151099573,56.0,476.0
2012-10-22 08:00:00,728.0,722.767746456681,143.0,737.0
2012-10-22 09:00:00,360.0,336.9552598535725,269.0,359.0
2012-10-22 10:00:00,212.0,257.2590801993036,443.0,168.0
2012-10-22 11:00:00,211.0,258.59428493761646,547.0,263.0
2012-10-22 12:00:00,283.0,225.58969119478306,675.0,284.0
2012-10-22 13:00:00,315.0,256.14374544674445,626.0,146.0
2012-10-22 14:00:00,282.0,300.702279002419,640.0,185.0
2012-10-22 15:00:00,296.0,279.62112588521876,623.0,260.0
2012-10-22 16:00:00,524.0,427.71884490542936,591.0,447.0
2012-10-22 17:00:00,922.0,719.9420306578405,491.0,766.0
2012-10-22 18:00:00,786.0,706.3214589196929,413.0,592.0
2012-10-22 19:00:00,514.0,482.4420947492476,266.0,239.0
2012-10-22 20:00:00,403.0,340.75828214036613,195.0,256.0
2012-10-22 21:00:00,174.0,269.45879157433103,166.0,206.0
2012-10-22 22:00:00,183.0,125.03249264465235,113.0,126.0
2012-10-22 23:00:00,163.0,92.31070269062866,66.0,81.0
2012-10-23 00:00:00,37.0,76.08981682878812,31.0,48.0
2012-10-23 01:00:00,17.0,14.56318804900969,11.0,13.0
2012-10-23 02:00:00,7.0,7.701812184569602,5.0,3.0
2012-10-23 03:00:00,1.0,5.897377731012372,6.0,2.0
2012-10-23 04:00:00,7.0,5.696270430903383,7.0,7.0
2012-10-23 05:00:00,50.0,37.72624306321753,46.0,52.0
2012-10-23 06:00:00,158.0,170.22858957764225,144.0,172.0
2012-10-23 07:00:00,531.0,491.1390366907052,452.0,525.0
2012-10-23 08:00:00,761.0,736.0636697740279,728.0,835.0
2012-10-23 09:00:00,334.0,356.120127620319,360.0,355.0
2012-10-23 10:00:00,221.0,202.82590428424348,212.0,222.0
2012-10-23 11:00:00,253.0,239.07432694578938,211.0,228.0
2012-10-23 12:00:00,378.0,296.1822958273355,283.0,325.0
2012-10-23 13:00:00,303.0,363.83410083073437,315.0,328.0
2012-10-23 14:00:00,296.0,301.45527037980185,282.0,308.0
2012-10-23 15:00:00,346.0,310.48511755191697,296.0,346.0
2012-10-23 16:00:00,541.0,463.01920225361357,524.0,446.0
2012-10-23 17:00:00,938.0,866.457541293589,922.0,943.0
2012-10-23 18:00:00,826.0,859.0236311134578,786.0,838.0
2012-10-23 19:00:00,482.0,547.4212181340772,514.0,531.0
2012-10-23 20:00:00,379.0,387.66732240029637,403.0,432.0
2012-10-23 21:00:00,295.0,264.17896293701034,174.0,195.0
2012-10-23 22:00:00,194.0,213.6912279304765,183.0,181.0
2012-10-23 23:00:00,111.0,140.37123926797457,163.0,199.0
2012-10-24 00:00:00,46.0,55.59265293027063,37.0,49.0
2012-10-24 01:00:00,27.0,19.0111842197013,17.0,17.0
2012-10-24 02:00:00,6.0,13.68188366598656,7.0,16.0
2012-10-24 03:00:00,4.0,6.473913916881695,1.0,7.0
2012-10-24 04:00:00,6.0,6.324277261887267,7.0,4.0
2012-10-24 05:00:00,53.0,40.250191358679196,50.0,41.0
2012-10-24 06:00:00,173.0,180.36969256385632,158.0,178.0
2012-10-24 07:00:00,526.0,505.8365669320461,531.0,464.0
2012-10-24 08:00:00,801.0,756.5021183371578,761.0,817.0
2012-10-24 09:00:00,373.0,358.7443310958121,334.0,382.0
2012-10-24 10:00:00,171.0,219.9399056687817,221.0,228.0
2012-10-24 11:00:00,236.0,234.19252055131724,253.0,234.0
2012-10-24 12:00:00,316.0,308.5804424597162,378.0,332.0
2012-10-24 13:00:00,306.0,308.21520536414783,303.0,310.0
2012-10-24 14:00:00,301.0,294.1607626477348,296.0,270.0
2012-10-24 15:00:00,308.0,336.77365088610793,346.0,301.0
2012-10-24 16:00:00,532.0,471.15998397780805,541.0,466.0
2012-10-24 17:00:00,963.0,852.3807422023687,938.0,888.0
2012-10-24 18:00:00,858.0,853.716090270785,826.0,884.0
2012-10-24 19:00:00,572.0,578.0543825210847,482.0,516.0
2012-10-24 20:00:00,441.0,416.5434554095842,379.0,414.0
2012-10-24 21:00:00,313.0,312.5825123670349,295.0,329.0
2012-10-24 22:00:00,238.0,224.8225830750582,194.0,215.0
2012-10-24 23:00:00,123.0,146.8465423748783,111.0,99.0
2012-10-25 00:00:00,76.0,67.91431382656911,46.0,57.0
2012-10-25 01:00:00,28.0,33.77293961501419,27.0,14.0
2012-10-25 02:00:00,18.0,13.306857597264711,6.0,14.0
2012-10-25 03:00:00,8.0,10.150776593125478,4.0,5.0
2012-10-25 04:00:00,5.0,8.054404341560641,6.0,5.0
2012-10-25 05:00:00,55.0,40.275799986525946,53.0,42.0
2012-10-25 06:00:00,171.0,185.0630074653624,173.0,153.0
2012-10-25 07:00:00,495.0,505.5678976985718,526.0,508.0
2012-10-25 08:00:00,779.0,776.4765934946623,801.0,834.0
2012-10-25 09:00:00,343.0,409.1577586186681,373.0,387.0
2012-10-25 10:00:00,225.0,201.74093094510346,171.0,218.0
2012-10-25 11:00:00,238.0,266.6147733644819,236.0,268.0
2012-10-25 12:00:00,319.0,268.9898880904271,316.0,377.0
2012-10-25 13:00:00,313.0,308.67748790176233,306.0,332.0
2012-10-25 14:00:00,285.0,289.4091836635147,301.0,285.0
2012-10-25 15:00:00,305.0,316.91382530518064,308.0,353.0
2012-10-25 16:00:00,499.0,467.8353149767426,532.0,450.0
2012-10-25 17:00:00,886.0,844.2750824348632,963.0,890.0
2012-10-25 18:00:00,809.0,842.9550332943963,858.0,788.0
2012-10-25 19:00:00,542.0,573.2956120765833,572.0,513.0
2012-10-25 20:00:00,347.0,404.83517924884933,441.0,387.0
2012-10-25 21:00:00,271.0,272.48065990361755,313.0,283.0
2012-10-25 22:00:00,207.0,220.04771005927802,238.0,229.0
2012-10-25 23:00:00,135.0,138.1656642698156,123.0,117.0
2012-10-26 00:00:00,71.0,71.74491303332688,76.0,56.0
2012-10-26 01:00:00,36.0,27.636673798388042,28.0,16.0
2012-10-26 02:00:00,19.0,12.633589158056349,18.0,10.0
2012-10-26 03:00:00,13.0,9.035742364910698,8.0,5.0
2012-10-26 04:00:00,5.0,8.346464470839441,5.0,6.0
2012-10-26 05:00:00,50.0,33.67810584301274,55.0,36.0
2012-10-26 06:00:00,144.0,159.87995075626952,171.0,131.0
2012-10-26 07:00:00,421.0,367.78828912018344,495.0,154.0
2012-10-26 08:00:00,734.0,608.3818570989545,779.0,467.0
2012-10-26 09:00:00,403.0,400.3208259043837,343.0,389.0
2012-10-26 10:00:00,197.0,246.8315794228434,225.0,224.0
2012-10-26 11:00:00,290.0,253.63804139235518,238.0,252.0
2012-10-26 12:00:00,392.0,343.67330981073775,319.0,332.0
2012-10-26 13:00:00,337.0,373.9364984250063,313.0,375.0
2012-10-26 14:00:00,351.0,356.5743932454051,285.0,365.0
2012-10-26 15:00:00,448.0,353.9291746672973,305.0,395.0
2012-10-26 16:00:00,582.0,523.082601571229,499.0,565.0
2012-10-26 17:00:00,817.0,711.1545249923682,886.0,425.0
2012-10-26 18:00:00,665.0,761.4451805743136,809.0,233.0
2012-10-26 19:00:00,471.0,497.31109539895056,542.0,232.0
2012-10-26 20:00:00,311.0,327.43926441726643,347.0,229.0
2012-10-26 21:00:00,292.0,243.64070618320522,271.0,206.0
2012-10-26 22:00:00,217.0,227.5369529453095,207.0,190.0
2012-10-26 23:00:00,178.0,166.11615672960812,135.0,131.0
2012-10-27 00:00:00,142.0,124.78269430544405,71.0,123.0
2012-10-27 01:00:00,146.0,94.8870291398726,36.0,95.0
2012-10-27 02:00:00,90.0,94.09303358414995,19.0,78.0
2012-10-27 03:00:00,26.0,51.30571292452995,13.0,29.0
2012-10-27 04:00:00,13.0,15.059724403861043,5.0,18.0
2012-10-27 05:00:00,9.0,17.74137970530591,50.0,13.0
2012-10-27 06:00:00,31.0,31.919308715256513,144.0,31.0
2012-10-27 07:00:00,86.0,68.32445304591718,421.0,65.0
2012-10-27 08:00:00,213.0,191.80132304307148,734.0,193.0
2012-10-27 09:00:00,328.0,339.0392985814775,403.0,363.0
2012-10-27 10:00:00,479.0,412.79091076598843,197.0,423.0
2012-10-27 11:00:00,585.0,504.43824435031775,290.0,612.0
2012-10-27 12:00:00,668.0,608.4659528258322,392.0,703.0
2012-10-27 13:00:00,760.0,658.4416646309307,337.0,714.0
2012-10-27 14:00:00,750.0,644.3124686485291,351.0,711.0
2012-10-27 15:00:00,711.0,630.1238478184571,448.0,711.0
2012-10-27 16:00:00,612.0,582.7496079281572,582.0,691.0
2012-10-27 17:00:00,618.0,562.5755600284555,817.0,731.0
2012-10-27 18:00:00,456.0,495.45410675365895,665.0,521.0
2012-10-27 19:00:00,300.0,344.147474878341,471.0,345.0
2012-10-27 20:00:00,296.0,246.65203884126058,311.0,259.0
2012-10-27 21:00:00,209.0,258.3640092567723,292.0,296.0
2012-10-27 22:00:00,157.0,194.4144141592867,217.0,202.0
2012-10-27 23:00:00,167.0,148.05129864827225,178.0,163.0
2012-10-28 00:00:00,117.0,132.29300595786032,142.0,154.0
2012-10-28 01:00:00,133.0,116.58632302371123,146.0,117.0
2012-10-28 02:00:00,116.0,117.89851780989085,90.0,132.0
2012-10-28 03:00:00,79.0,68.17294038762563,26.0,41.0
2012-10-28 04:00:00,20.0,41.3375700411742,13.0,21.0
2012-10-28 05:00:00,28.0,14.100091888914237,9.0,10.0
2012-10-28 06:00:00,39.0,62.55742879791846,31.0,26.0
2012-10-28 07:00:00,65.0,88.89001701102188,86.0,56.0
2012-10-28 08:00:00,173.0,164.8560952079745,213.0,143.0
2012-10-28 09:00:00,330.0,313.5610710651736,328.0,269.0
2012-10-28 10:00:00,434.0,405.24259582338937,479.0,443.0
2012-10-28 11:00:00,462.0,486.279682603981,585.0,547.0
2012-10-28 12:00:00,491.0,560.2740704663086,668.0,675.0
2012-10-28 13:00:00,391.0,521.0400101597296,760.0,626.0
2012-10-28 14:00:00,402.0,442.6525175579856,750.0,640.0
2012-10-28 15:00:00,301.0,458.4950219277584,711.0,623.0
2012-10-28 16:00:00,293.0,366.10607225489,612.0,591.0
2012-10-28 17:00:00,225.0,349.3759269574484,618.0,491.0
2012-10-28 18:00:00,154.0,213.47051022899532,456.0,413.0
2012-10-28 19:00:00,54.0,171.98893235784627,300.0,266.0
2012-10-28 20:00:00,55.0,69.82448617969456,296.0,195.0
2012-10-28 21:00:00,46.0,60.94259508866287,209.0,166.0
2012-10-28 22:00:00,37.0,60.67642144022626,157.0,113.0
2012-10-28 23:00:00,14.0,39.868290213320506,167.0,66.0
2012-10-29 00:00:00,22.0,16.28952605549812,117.0,31.0
2012-10-31 13:00:00,213.0,236.25951875332166,116.0,306.0
2012-10-31 14:00:00,224.0,211.38828300509368,126.0,301.0
2012-10-31 15:00:00,230.0,226.44170577998247,124.0,308.0
2012-10-31 16:00:00,424.0,393.64318988843934,98.0,532.0
2012-10-31 17:00:00,723.0,719.215303195688,124.0,963.0
2012-10-31 18:00:00,584.0,641.4377976254783,143.0,858.0
2012-10-31 19:00:00,410.0,466.1102812024856,115.0,572.0
2012-10-31 20:00:00,268.0,315.6899164936708,81.0,441.0
2012-10-31 21:00:00,192.0,223.90130106613051,64.0,313.0
2012-10-31 22:00:00,165.0,155.86392705262503,66.0,238.0
2012-10-31 23:00:00,101.0,102.93793518525462,39.0,123.0
2012-11-01 00:00:00,60.0,55.0760629911293,16.0,76.0
2012-11-01 01:00:00,30.0,24.104539525744737,8.0,28.0
2012-11-01 02:00:00,20.0,13.952810417576073,7.0,18.0
2012-11-01 03:00:00,15.0,8.361281396333506,3.0,8.0
2012-11-01 04:00:00,10.0,7.461255817855491,5.0,5.0
2012-11-01 05:00:00,40.0,38.43060163170381,24.0,55.0
2012-11-01 06:00:00,148.0,153.74998393537322,116.0,171.0
2012-11-01 07:00:00,420.0,430.4911981886856,337.0,495.0
2012-11-01 08:00:00,680.0,674.5715556113519,621.0,779.0
2012-11-01 09:00:00,331.0,325.97216924866996,297.0,343.0
2012-11-01 10:00:00,146.0,194.72388675999528,168.0,225.0
2012-11-01 11:00:00,170.0,190.51673214071832,189.0,238.0
2012-11-01 12:00:00,221.0,238.6015244764735,241.0,319.0
2012-11-01 13:00:00,248.0,225.5070345295368,213.0,313.0
2012-11-01 14:00:00,185.0,234.5836476183686,224.0,285.0
2012-11-01 15:00:00,214.0,221.13502932952937,230.0,305.0
2012-11-01 16:00:00,344.0,368.79736286361225,424.0,499.0
2012-11-01 17:00:00,689.0,656.7568988630405,723.0,886.0
2012-11-01 18:00:00,678.0,669.9142091882637,584.0,809.0
2012-11-01 19:00:00,452.0,479.95190965030537,410.0,542.0
2012-11-01 20:00:00,296.0,324.87134148639313,268.0,347.0
2012-11-01 21:00:00,267.0,229.76189343496299,192.0,271.0
2012-11-01 22:00:00,202.0,200.72221710206523,165.0,207.0
2012-11-01 23:00:00,120.0,137.36184527468492,101.0,135.0
2012-11-02 00:00:00,50.0,74.91531035152731,60.0,71.0
2012-11-02 01:00:00,24.0,27.84007440527829,30.0,36.0
2012-11-02 02:00:00,10.0,14.436728651961364,20.0,19.0
2012-11-02 03:00:00,3.0,8.151350404443033,15.0,13.0
2012-11-02 04:00:00,7.0,5.5445937992608325,10.0,5.0
2012-11-02 05:00:00,26.0,34.4269996575248,40.0,50.0
2012-11-02 06:00:00,122.0,109.43847118270627,148.0,144.0
2012-11-02 07:00:00,357.0,338.5008589784653,420.0,421.0
2012-11-02 08:00:00,687.0,642.1790207693202,680.0,734.0
2012-11-02 09:00:00,382.0,400.62696444420993,331.0,403.0
2012-11-02 10:00:00,204.0,222.6553136956024,146.0,197.0
2012-11-02 11:00:00,221.0,245.51311941133224,170.0,290.0
2012-11-02 12:00:00,292.0,243.75477423354198,221.0,392.0
2012-11-02 13:00:00,294.0,292.3903731154268,248.0,337.0
2012-11-02 14:00:00,262.0,290.30530545207137,185.0,351.0
2012-11-02 15:00:00,306.0,303.46016554195245,214.0,448.0
2012-11-02 16:00:00,421.0,414.66434748877197,344.0,582.0
2012-11-02 17:00:00,638.0,687.8064644672428,689.0,817.0
2012-11-02 18:00:00,522.0,608.1934179537128,678.0,665.0
2012-11-02 19:00:00,374.0,387.7946564939274,452.0,471.0
2012-11-02 20:00:00,221.0,272.6590982205367,296.0,311.0
2012-11-02 21:00:00,156.0,174.29395055423603,267.0,292.0
2012-11-02 22:00:00,149.0,155.21679892744766,202.0,217.0
2012-11-02 23:00:00,119.0,127.33133790307193,120.0,178.0
2012-11-03 00:00:00,108.0,106.30269752518491,50.0,142.0
2012-11-03 01:00:00,89.0,98.62574312896271,24.0,146.0
2012-11-03 02:00:00,46.0,71.3189533013122,10.0,90.0
2012-11-03 03:00:00,28.0,24.16420049112227,3.0,26.0
2012-11-03 04:00:00,16.0,12.436854920413882,7.0,13.0
2012-11-03 05:00:00,9.0,11.302207991470283,26.0,9.0
2012-11-03 06:00:00,21.0,27.93182257243643,122.0,31.0
2012-11-03 07:00:00,59.0,67.50180411862117,357.0,86.0
2012-11-03 08:00:00,142.0,164.2616013092278,687.0,213.0
2012-11-03 09:00:00,219.0,255.56368083343588,382.0,328.0
2012-11-03 10:00:00,328.0,315.51410001163066,204.0,479.0
2012-11-03 11:00:00,340.0,392.56311890944846,221.0,585.0
2012-11-03 12:00:00,394.0,469.97868875704626,292.0,668.0
2012-11-03 13:00:00,449.0,522.261951375963,294.0,760.0
2012-11-03 14:00:00,455.0,549.6972739025515,262.0,750.0
2012-11-03 15:00:00,448.0,485.805767655333,306.0,711.0
2012-11-03 16:00:00,400.0,434.20836443298646,421.0,612.0
2012-11-03 17:00:00,410.0,427.0728267756385,638.0,618.0
2012-11-03 18:00:00,297.0,341.73928033845544,522.0,456.0
2012-11-03 19:00:00,239.0,269.2502754373455,374.0,300.0
2012-11-03 20:00:00,181.0,196.21097897428635,221.0,296.0
2012-11-03 21:00:00,166.0,158.61865139245862,156.0,209.0
2012-11-03 22:00:00,146.0,144.81699685348772,149.0,157.0
2012-11-03 23:00:00,148.0,126.25049461213167,119.0,167.0
2012-11-04 00:00:00,102.0,110.8271300268262,108.0,117.0
2012-11-04 01:00:00,165.0,98.48785403777119,89.0,133.0
2012-11-04 02:00:00,37.0,117.78207052610338,46.0,116.0
2012-11-04 03:00:00,11.0,45.36787053278608,28.0,79.0
2012-11-04 04:00:00,9.0,10.623956723031654,16.0,20.0
2012-11-04 05:00:00,5.0,17.40847522766182,9.0,28.0
2012-11-04 06:00:00,16.0,30.352673177773394,21.0,39.0
2012-11-04 07:00:00,50.0,52.48398491972182,59.0,65.0
2012-11-04 08:00:00,149.0,130.85685224127786,142.0,173.0
2012-11-04 09:00:00,217.0,229.92203057796024,219.0,330.0
2012-11-04 10:00:00,360.0,328.0642439075806,328.0,434.0
2012-11-04 11:00:00,445.0,418.0729782644543,340.0,462.0
2012-11-04 12:00:00,504.0,462.1690657192385,394.0,491.0
2012-11-04 13:00:00,493.0,456.66492449228036,449.0,391.0
2012-11-04 14:00:00,509.0,435.0157751631237,455.0,402.0
2012-11-04 15:00:00,449.0,458.7036839680239,448.0,301.0
2012-11-04 16:00:00,435.0,432.2180465130305,400.0,293.0
2012-11-04 17:00:00,327.0,405.4307693321744,410.0,225.0
2012-11-04 18:00:00,237.0,283.71177730772195,297.0,154.0
2012-11-04 19:00:00,227.0,204.3096075908351,239.0,54.0
2012-11-04 20:00:00,141.0,165.03739501744897,181.0,55.0
2012-11-04 21:00:00,87.0,127.73620949173872,166.0,46.0
2012-11-04 22:00:00,79.0,78.1637337515734,146.0,37.0
2012-11-04 23:00:00,53.0,55.565704583692714,148.0,14.0
2012-11-05 00:00:00,23.0,21.30566523693256,102.0,22.0
2012-11-06 13:00:00,278.0,213.41526997096202,222.0,116.0
2012-11-06 14:00:00,240.0,235.24972616136958,196.0,126.0
2012-11-06 15:00:00,272.0,230.4364470070274,231.0,124.0
2012-11-06 16:00:00,402.0,368.9662748903012,360.0,98.0
2012-11-06 17:00:00,627.0,603.7940600194576,638.0,124.0
2012-11-06 18:00:00,497.0,584.7705450628409,542.0,143.0
2012-11-06 19:00:00,371.0,378.78563173405405,372.0,115.0
2012-11-06 20:00:00,228.0,259.42299251760363,241.0,81.0
2012-11-06 21:00:00,151.0,157.2958430532327,152.0,64.0
2012-11-06 22:00:00,153.0,106.10463164184435,115.0,66.0
2012-11-06 23:00:00,205.0,77.03135109494363,53.0,39.0
2012-11-07 00:00:00,283.0,141.18902228000385,19.0,16.0
2012-11-07 01:00:00,92.0,267.92832621854063,8.0,8.0
2012-11-07 02:00:00,74.0,48.13201495457297,2.0,7.0
2012-11-07 03:00:00,11.0,25.649556521745094,4.0,3.0
2012-11-07 04:00:00,9.0,5.93202321156281,7.0,5.0
2012-11-07 05:00:00,27.0,26.825967418697797,41.0,24.0
2012-11-07 06:00:00,118.0,119.86929914860042,149.0,116.0
2012-11-07 07:00:00,319.0,346.06421790493346,387.0,337.0
2012-11-07 08:00:00,601.0,588.650790100281,588.0,621.0
2012-11-07 09:00:00,368.0,347.35732547391035,363.0,297.0
2012-11-07 10:00:00,178.0,200.72377028905444,230.0,168.0
2012-11-07 11:00:00,147.0,205.07467665928476,216.0,189.0
2012-11-07 12:00:00,212.0,197.81622252530144,248.0,241.0
2012-11-07 13:00:00,181.0,236.57318452855398,278.0,213.0
2012-11-07 14:00:00,161.0,193.86823481705662,240.0,224.0
2012-11-07 15:00:00,198.0,208.18362705890252,272.0,230.0
2012-11-07 16:00:00,273.0,333.02785167735493,402.0,424.0
2012-11-07 17:00:00,517.0,581.6306879233089,627.0,723.0
2012-11-07 18:00:00,465.0,474.9018223774149,497.0,584.0
2012-11-07 19:00:00,319.0,361.50775300982286,371.0,410.0
2012-11-07 20:00:00,256.0,236.95386183382598,228.0,268.0
2012-11-07 21:00:00,126.0,185.98286285437786,151.0,192.0
2012-11-07 22:00:00,60.0,114.058767447638,153.0,165.0
2012-11-07 23:00:00,40.0,45.947686259234864,205.0,101.0
2012-11-08 00:00:00,15.0,33.15744160609066,283.0,60.0
2012-11-08 01:00:00,12.0,17.40269223206256,92.0,30.0
2012-11-08 02:00:00,6.0,14.556245796904191,74.0,20.0
2012-11-08 04:00:00,10.0,5.728565284792805,9.0,10.0
2012-11-08 05:00:00,35.0,32.46965268773211,27.0,40.0
2012-11-08 06:00:00,124.0,139.8438635972059,118.0,148.0
2012-11-08 07:00:00,423.0,345.67059139828297,319.0,420.0
2012-11-08 08:00:00,668.0,670.153251390108,601.0,680.0
2012-11-08 09:00:00,275.0,355.02498077658316,368.0,331.0
2012-11-08 10:00:00,161.0,158.36255539229663,178.0,146.0
2012-11-08 11:00:00,171.0,179.3215976833186,147.0,170.0
2012-11-08 12:00:00,235.0,225.84218667912307,212.0,221.0
2012-11-08 13:00:00,228.0,225.1500325042649,181.0,248.0
2012-11-08 14:00:00,182.0,190.271632626994,161.0,185.0
2012-11-08 15:00:00,233.0,199.5267550177639,198.0,214.0
2012-11-08 16:00:00,339.0,351.1822446487621,273.0,344.0
2012-11-08 17:00:00,592.0,684.4388023323938,517.0,689.0
2012-11-08 18:00:00,507.0,602.9511128545598,465.0,678.0
2012-11-08 19:00:00,373.0,372.8792390703433,319.0,452.0
2012-11-08 20:00:00,245.0,270.6517615999075,256.0,296.0
2012-11-08 21:00:00,233.0,199.6074983162945,126.0,267.0
2012-11-08 22:00:00,161.0,182.27308147851377,60.0,202.0
2012-11-08 23:00:00,87.0,111.12770201053948,40.0,120.0
2012-11-09 00:00:00,55.0,45.072222849435036,15.0,50.0
2012-11-09 01:00:00,20.0,24.653652295003507,12.0,24.0
2012-11-09 02:00:00,12.0,8.956217827564144,6.0,10.0
2012-11-09 04:00:00,14.0,6.8004581790557665,10.0,7.0
2012-11-09 05:00:00,27.0,28.039579437338457,35.0,26.0
2012-11-09 06:00:00,131.0,119.42442336282124,124.0,122.0
2012-11-09 07:00:00,341.0,343.67941215162864,423.0,357.0
2012-11-09 08:00:00,693.0,637.2306458416545,668.0,687.0
2012-11-09 09:00:00,327.0,332.1198850794955,275.0,382.0
2012-11-09 10:00:00,197.0,194.81316226283124,161.0,204.0
2012-11-09 11:00:00,251.0,226.90790335667572,171.0,221.0
2012-11-09 12:00:00,262.0,287.2298799527934,235.0,292.0
2012-11-09 13:00:00,299.0,269.896205634163,228.0,294.0
2012-11-09 14:00:00,274.0,276.1648310113529,182.0,262.0
2012-11-09 15:00:00,356.0,299.67576296379536,233.0,306.0
2012-11-09 16:00:00,434.0,402.0349884495573,339.0,421.0
2012-11-09 17:00:00,654.0,629.6885705673168,592.0,638.0
2012-11-09 18:00:00,496.0,530.613529655268,507.0,522.0
2012-11-09 19:00:00,361.0,355.2100111500477,373.0,374.0
2012-11-09 20:00:00,255.0,257.16577527726986,245.0,221.0
2012-11-09 21:00:00,199.0,204.17578100484238,233.0,156.0
2012-11-09 22:00:00,163.0,164.57877814656047,161.0,149.0
2012-11-09 23:00:00,162.0,123.88614506799038,87.0,119.0
2012-11-10 00:00:00,122.0,107.0329513329515,55.0,108.0
2012-11-10 01:00:00,76.0,87.9720888226347,20.0,89.0
2012-11-10 02:00:00,44.0,48.85070343671265,12.0,46.0
2012-11-10 03:00:00,20.0,24.2359698964246,9.0,28.0
2012-11-10 04:00:00,6.0,11.625147485254526,14.0,16.0
2012-11-10 05:00:00,10.0,9.677167524985046,27.0,9.0
2012-11-10 06:00:00,16.0,26.201232920102054,131.0,21.0
2012-11-10 07:00:00,71.0,48.14580983858529,341.0,59.0
2012-11-10 08:00:00,146.0,191.88063083361814,693.0,142.0
2012-11-10 09:00:00,259.0,252.7206885886985,327.0,219.0
2012-11-10 10:00:00,350.0,331.4831915156597,197.0,328.0
2012-11-10 11:00:00,466.0,380.6971338933497,251.0,340.0
2012-11-10 12:00:00,606.0,498.2103219012449,262.0,394.0
2012-11-10 13:00:00,651.0,569.4517836421095,299.0,449.0
2012-11-10 14:00:00,627.0,598.2559940736024,274.0,455.0
2012-11-10 15:00:00,567.0,578.5912260318888,356.0,448.0
2012-11-10 16:00:00,605.0,494.87483593374577,434.0,400.0
2012-11-10 17:00:00,501.0,570.9096399070881,654.0,410.0
2012-11-10 18:00:00,359.0,433.6754360830715,496.0,297.0
2012-11-10 19:00:00,283.0,286.70214398172885,361.0,239.0
2012-11-10 20:00:00,192.0,215.76628589745374,255.0,181.0
2012-11-10 21:00:00,220.0,170.06686503142748,199.0,166.0
2012-11-10 22:00:00,193.0,181.0270934449111,163.0,146.0
2012-11-10 23:00:00,146.0,157.05750532774712,162.0,148.0
2012-11-11 00:00:00,124.0,113.72730500026209,122.0,102.0
2012-11-11 01:00:00,108.0,118.87530962922955,76.0,165.0
2012-11-11 02:00:00,70.0,68.40156097783061,44.0,37.0
2012-11-11 03:00:00,48.0,30.384643544096118,20.0,11.0
2012-11-11 04:00:00,11.0,18.172191865186974,6.0,9.0
2012-11-11 05:00:00,12.0,10.717664654174163,10.0,5.0
2012-11-11 06:00:00,19.0,24.818301744791473,16.0,16.0
2012-11-11 07:00:00,68.0,49.20513881810512,71.0,50.0
2012-11-11 08:00:00,119.0,157.7084515755768,146.0,149.0
2012-11-11 09:00:00,273.0,221.51476751910633,259.0,217.0
2012-11-11 10:00:00,405.0,395.982368865098,350.0,360.0
2012-11-11 11:00:00,504.0,463.97615209818775,466.0,445.0
2012-11-11 12:00:00,585.0,569.5640373478174,606.0,504.0
2012-11-11 13:00:00,686.0,610.6388635012114,651.0,493.0
2012-11-11 14:00:00,654.0,667.421722563577,627.0,509.0
2012-11-11 15:00:00,724.0,597.2869183087633,567.0,449.0
2012-11-11 16:00:00,653.0,627.1838420548828,605.0,435.0
2012-11-11 17:00:00,493.0,614.9889694136928,501.0,327.0
2012-11-11 18:00:00,405.0,453.83644168371256,359.0,237.0
2012-11-11 19:00:00,277.0,313.66409582825395,283.0,227.0
2012-11-11 20:00:00,200.0,195.2783316498041,192.0,141.0
2012-11-11 21:00:00,171.0,145.53190155321624,220.0,87.0
2012-11-11 22:00:00,134.0,134.14582980769865,193.0,79.0
2012-11-11 23:00:00,109.0,98.12245102885434,146.0,53.0
2012-11-12 00:00:00,49.0,65.10490264041171,124.0,23.0
2012-11-12 01:00:00,30.0,17.301138655663504,108.0,8.0
2012-11-12 02:00:00,20.0,13.300791001914023,70.0,6.0
2012-11-12 03:00:00,4.0,9.032989730928218,48.0,4.0
2012-11-12 04:00:00,4.0,9.349141831967504,11.0,16.0
2012-11-12 05:00:00,24.0,32.124842873004674,12.0,39.0
2012-11-12 06:00:00,71.0,117.70077663603827,19.0,139.0
2012-11-12 07:00:00,264.0,203.24465693271998,68.0,461.0
2012-11-12 08:00:00,540.0,522.5496116147451,119.0,648.0
2012-11-12 09:00:00,397.0,305.13895980830637,273.0,257.0
2012-11-12 10:00:00,266.0,303.1467603900954,405.0,142.0
2012-11-12 11:00:00,367.0,311.74306846721163,504.0,150.0
2012-11-12 12:00:00,419.0,393.66715566323336,585.0,244.0
2012-11-12 13:00:00,420.0,535.8039034196489,686.0,222.0
2012-11-12 14:00:00,444.0,494.5282502460469,654.0,196.0
2012-11-12 15:00:00,382.0,583.079072028876,724.0,231.0
2012-11-12 16:00:00,434.0,511.87214461641037,653.0,360.0
2012-11-12 17:00:00,596.0,642.549914467119,493.0,638.0
2012-11-12 18:00:00,551.0,533.5654795020733,405.0,542.0
2012-11-12 19:00:00,353.0,395.5848543803692,277.0,372.0
2012-11-12 20:00:00,304.0,252.42350597823895,200.0,241.0
2012-11-12 21:00:00,155.0,214.18379638302585,171.0,152.0
2012-11-12 22:00:00,112.0,119.97328842376801,134.0,115.0
2012-11-12 23:00:00,63.0,67.38312591580114,109.0,53.0
2012-11-13 00:00:00,23.0,20.653322831214506,49.0,19.0
2012-11-13 01:00:00,5.0,8.741630681286063,30.0,8.0
2012-11-13 02:00:00,11.0,5.697714458221378,20.0,2.0
2012-11-13 03:00:00,5.0,5.93202321156281,4.0,4.0
2012-11-13 04:00:00,9.0,5.534683115499161,4.0,7.0
2012-11-13 05:00:00,18.0,32.85368284983263,24.0,41.0
2012-11-13 06:00:00,50.0,103.08224949018023,71.0,149.0
2012-11-13 07:00:00,107.0,131.61718561225064,264.0,387.0
2012-11-13 08:00:00,211.0,289.8075062098465,540.0,588.0
2012-11-13 09:00:00,110.0,239.4604145643968,397.0,363.0
2012-11-13 10:00:00,94.0,153.3121629721649,266.0,230.0
2012-11-13 11:00:00,155.0,125.64554954829131,367.0,216.0
2012-11-13 12:00:00,196.0,221.4485469903364,419.0,248.0
2012-11-13 13:00:00,218.0,225.8992893526541,420.0,278.0
2012-11-13 14:00:00,203.0,229.00398951203954,444.0,240.0
2012-11-13 15:00:00,217.0,229.99872186641275,382.0,272.0
2012-11-13 16:00:00,310.0,357.21544282421706,434.0,402.0
2012-11-13 17:00:00,608.0,641.4337109700556,596.0,627.0
2012-11-13 18:00:00,559.0,525.9777874595129,551.0,497.0
2012-11-13 19:00:00,356.0,393.0496183942108,353.0,371.0
2012-11-13 20:00:00,223.0,255.84203895848523,304.0,228.0
2012-11-13 21:00:00,187.0,159.6461000776036,155.0,151.0
2012-11-13 22:00:00,135.0,131.77360722131004,112.0,153.0
2012-11-13 23:00:00,84.0,108.11664451332481,63.0,205.0
2012-11-14 00:00:00,24.0,184.58556695068845,23.0,283.0
2012-11-14 01:00:00,12.0,37.39362737016878,5.0,92.0
2012-11-14 02:00:00,1.0,27.50612006864418,11.0,74.0
2012-11-14 03:00:00,5.0,6.283835967351105,5.0,11.0
2012-11-14 04:00:00,6.0,5.9465617002884965,9.0,9.0
2012-11-14 05:00:00,39.0,23.834184160990304,18.0,27.0
2012-11-14 06:00:00,146.0,128.9242143056665,50.0,118.0
2012-11-14 07:00:00,415.0,394.27488318935485,107.0,319.0
2012-11-14 08:00:00,691.0,532.5355357973026,211.0,601.0
2012-11-14 09:00:00,332.0,327.9056496079602,110.0,368.0
2012-11-14 10:00:00,171.0,174.7485748438701,94.0,178.0
2012-11-14 11:00:00,151.0,184.26983545280342,155.0,147.0
2012-11-14 12:00:00,240.0,197.69356656234118,196.0,212.0
2012-11-14 13:00:00,214.0,210.13002117712307,218.0,181.0
2012-11-14 14:00:00,181.0,190.71477715883466,203.0,161.0
2012-11-14 15:00:00,260.0,204.05930108275473,217.0,198.0
2012-11-14 16:00:00,321.0,346.9118402415243,310.0,273.0
2012-11-14 17:00:00,583.0,588.9144066679808,608.0,517.0
2012-11-14 18:00:00,567.0,556.4298032494065,559.0,465.0
2012-11-14 19:00:00,396.0,393.91553829022075,356.0,319.0
2012-11-14 20:00:00,267.0,279.15297216902945,223.0,256.0
2012-11-14 21:00:00,213.0,198.22614951716938,187.0,126.0
2012-11-14 22:00:00,173.0,151.20894742245613,135.0,60.0
2012-11-14 23:00:00,87.0,94.9647092535144,84.0,40.0
2012-11-15 00:00:00,34.0,43.86020526414933,24.0,15.0
2012-11-15 01:00:00,16.0,13.436564189482944,12.0,12.0
2012-11-15 02:00:00,7.0,7.461255817855491,1.0,6.0
2012-11-15 04:00:00,5.0,5.46738511944826,6.0,10.0
2012-11-15 05:00:00,37.0,31.8111324263239,39.0,35.0
2012-11-15 06:00:00,147.0,142.30443779312452,146.0,124.0
2012-11-15 07:00:00,410.0,428.93706534081144,415.0,423.0
2012-11-15 08:00:00,646.0,686.1436202584218,691.0,668.0
2012-11-15 09:00:00,323.0,303.980356728395,332.0,275.0
2012-11-15 10:00:00,153.0,175.1700865040857,171.0,161.0
2012-11-15 11:00:00,166.0,171.86500480094318,151.0,171.0
2012-11-15 12:00:00,213.0,213.7235276894791,240.0,235.0
2012-11-15 13:00:00,217.0,212.411947105934,214.0,228.0
2012-11-15 14:00:00,201.0,189.4009204013282,181.0,182.0
2012-11-15 15:00:00,217.0,232.63564534481247,260.0,233.0
2012-11-15 16:00:00,342.0,340.86273223051506,321.0,339.0
2012-11-15 17:00:00,563.0,575.9880721849923,583.0,592.0
2012-11-15 18:00:00,573.0,535.113329723125,567.0,507.0
2012-11-15 19:00:00,386.0,404.57763339065394,396.0,373.0
2012-11-15 20:00:00,285.0,280.8230649811648,267.0,245.0
2012-11-15 21:00:00,224.0,209.36911939665788,213.0,233.0
2012-11-15 22:00:00,153.0,174.35575222444817,173.0,161.0
2012-11-15 23:00:00,125.0,88.78808719205763,87.0,87.0
2012-11-16 00:00:00,65.0,70.49819604748245,34.0,55.0
2012-11-16 01:00:00,21.0,26.680119507054968,16.0,20.0
2012-11-16 02:00:00,9.0,9.572875420420639,7.0,12.0
2012-11-16 03:00:00,6.0,6.387917726247997,2.0,9.0
2012-11-16 04:00:00,5.0,7.251522774627721,5.0,14.0
2012-11-16 05:00:00,36.0,25.376214443167466,37.0,27.0
2012-11-16 06:00:00,130.0,128.75875585627188,147.0,131.0
2012-11-16 07:00:00,367.0,343.4182319862841,410.0,341.0
2012-11-16 08:00:00,711.0,651.6397963264752,646.0,693.0
2012-11-16 09:00:00,351.0,343.4802335349397,323.0,327.0
2012-11-16 10:00:00,198.0,206.15839909855816,153.0,197.0
2012-11-16 11:00:00,218.0,246.39478940644923,166.0,251.0
2012-11-16 12:00:00,290.0,264.71823094843677,213.0,262.0
2012-11-16 13:00:00,278.0,288.44815674460835,217.0,299.0
2012-11-16 14:00:00,251.0,270.51235679507016,201.0,274.0
2012-11-16 15:00:00,267.0,258.18592134177936,217.0,356.0
2012-11-16 16:00:00,383.0,370.9457068593516,342.0,434.0
2012-11-16 17:00:00,580.0,638.5996639859097,563.0,654.0
2012-11-16 18:00:00,505.0,498.2983118040758,573.0,496.0
2012-11-16 19:00:00,332.0,362.0328377990295,386.0,361.0
2012-11-16 20:00:00,227.0,231.0571920789283,285.0,255.0
2012-11-16 21:00:00,178.0,187.82461964830114,224.0,199.0
2012-11-16 22:00:00,162.0,154.1259112305067,153.0,163.0
2012-11-16 23:00:00,128.0,135.27056454177935,125.0,162.0
2012-11-17 00:00:00,106.0,101.27973091147138,65.0,122.0
2012-11-17 01:00:00,87.0,73.13575783461762,21.0,76.0
2012-11-17 02:00:00,49.0,54.72443471156576,9.0,44.0
2012-11-17 03:00:00,21.0,21.672729394346817,6.0,20.0
2012-11-17 04:00:00,7.0,8.013162501934818,5.0,6.0
2012-11-17 05:00:00,11.0,9.73791886348595,36.0,10.0
2012-11-17 06:00:00,21.0,25.20016433956941,130.0,16.0
2012-11-17 07:00:00,78.0,62.19398948978672,367.0,71.0
2012-11-17 08:00:00,168.0,191.74156121702774,711.0,146.0
2012-11-17 09:00:00,248.0,288.91326138877537,351.0,259.0
2012-11-17 10:00:00,320.0,321.2949564049562,198.0,350.0
2012-11-17 11:00:00,423.0,412.2426175321668,218.0,466.0
2012-11-17 12:00:00,476.0,478.90062355005807,290.0,606.0
2012-11-17 13:00:00,525.0,467.0584244290037,278.0,651.0
2012-11-17 14:00:00,555.0,520.3062419624854,251.0,627.0
2012-11-17 15:00:00,549.0,548.7698321204464,267.0,567.0
2012-11-17 16:00:00,469.0,540.066899761524,383.0,605.0
2012-11-17 17:00:00,403.0,473.88967853594824,580.0,501.0
2012-11-17 18:00:00,271.0,357.1824991318849,505.0,359.0
2012-11-17 19:00:00,253.0,246.27499195346974,332.0,283.0
2012-11-17 20:00:00,172.0,190.84256853931373,227.0,192.0
2012-11-17 21:00:00,139.0,164.41761611881148,178.0,220.0
2012-11-17 22:00:00,145.0,142.3315506857483,162.0,193.0
2012-11-17 23:00:00,133.0,122.06571736628193,128.0,146.0
2012-11-18 00:00:00,129.0,107.37575372115926,106.0,124.0
2012-11-18 01:00:00,95.0,101.73967367533828,87.0,108.0
2012-11-18 02:00:00,73.0,69.55805441332164,49.0,70.0
2012-11-18 03:00:00,46.0,43.80760215112003,21.0,48.0
2012-11-18 04:00:00,12.0,18.66962569173382,7.0,11.0
2012-11-18 05:00:00,12.0,12.724427890365039,11.0,12.0
2012-11-18 06:00:00,15.0,24.95055265205429,21.0,19.0
2012-11-18 07:00:00,42.0,45.51354680258767,78.0,68.0
2012-11-18 08:00:00,119.0,112.96516911417358,168.0,119.0
2012-11-18 09:00:00,204.0,212.12037992944929,248.0,273.0
2012-11-18 10:00:00,329.0,310.94871356828554,320.0,405.0
2012-11-18 11:00:00,359.0,420.7157032933508,423.0,504.0
2012-11-18 12:00:00,442.0,400.3729913094031,476.0,585.0
2012-11-18 13:00:00,447.0,523.818143113503,525.0,686.0
2012-11-18 14:00:00,428.0,521.5619295884995,555.0,654.0
2012-11-18 15:00:00,407.0,547.130752550077,549.0,724.0
2012-11-18 16:00:00,372.0,431.45633054760725,469.0,653.0
2012-11-18 17:00:00,280.0,368.5299615010661,403.0,493.0
2012-11-18 18:00:00,276.0,278.2847185806722,271.0,405.0
2012-11-18 19:00:00,210.0,241.39692816112913,253.0,277.0
2012-11-18 20:00:00,129.0,162.67842684950426,172.0,200.0
2012-11-18 21:00:00,110.0,108.53336628430675,139.0,171.0
2012-11-18 22:00:00,74.0,98.578472505537,145.0,134.0
2012-11-18 23:00:00,59.0,53.88299970879427,133.0,109.0
2012-11-19 00:00:00,27.0,25.46978318033718,129.0,49.0
2012-11-19 01:00:00,19.0,19.67847882749923,95.0,30.0
2012-11-19 02:00:00,5.0,15.067384394701786,73.0,20.0
2012-11-19 03:00:00,2.0,5.948125767238773,46.0,4.0
2012-11-19 04:00:00,12.0,5.407562276100342,12.0,4.0
2012-11-19 05:00:00,39.0,28.378080647404246,12.0,24.0
2012-11-19 06:00:00,131.0,138.88310421151084,15.0,71.0
2012-11-19 07:00:00,386.0,327.6908751654766,42.0,264.0
2012-11-19 08:00:00,663.0,556.0850496899769,119.0,540.0
2012-11-19 09:00:00,278.0,359.26666273602785,204.0,397.0
2012-11-19 10:00:00,139.0,213.9407084450313,329.0,266.0
2012-11-19 11:00:00,197.0,185.59262790017902,359.0,367.0
2012-11-19 12:00:00,242.0,225.18181269036725,442.0,419.0
2012-11-19 13:00:00,251.0,222.54423149995628,447.0,420.0
2012-11-19 14:00:00,217.0,215.72827383858942,428.0,444.0
2012-11-19 15:00:00,257.0,186.2503268995874,407.0,382.0
2012-11-19 16:00:00,380.0,386.82023292782446,372.0,434.0
2012-11-19 17:00:00,619.0,555.9344074809039,280.0,596.0
2012-11-19 18:00:00,580.0,524.9548714752651,276.0,551.0
2012-11-19 19:00:00,406.0,399.8157858838429,210.0,353.0
2012-11-19 20:00:00,259.0,295.13763706246044,129.0,304.0
2012-11-19 21:00:00,203.0,179.29607790746996,110.0,155.0
2012-11-19 22:00:00,113.0,138.99265075641344,74.0,112.0
2012-11-19 23:00:00,74.0,65.14437139575469,59.0,63.0
2012-11-20 00:00:00,29.0,29.07989475579022,27.0,23.0
2012-11-20 01:00:00,13.0,10.650506332901324,19.0,5.0
2012-11-20 02:00:00,5.0,8.628833912046776,5.0,11.0
2012-11-20 03:00:00,2.0,5.595434454000063,2.0,5.0
2012-11-20 04:00:00,6.0,5.908485742901723,12.0,9.0
2012-11-20 05:00:00,34.0,23.23740504385718,39.0,18.0
2012-11-20 06:00:00,148.0,118.59958685230707,131.0,50.0
2012-11-20 07:00:00,418.0,362.9272922203884,386.0,107.0
2012-11-20 08:00:00,665.0,628.6859402428097,663.0,211.0
2012-11-20 09:00:00,326.0,295.5208996960131,278.0,110.0
2012-11-20 10:00:00,176.0,176.2478310207637,139.0,94.0
2012-11-20 11:00:00,205.0,196.46320204156015,197.0,155.0
2012-11-20 12:00:00,313.0,235.20935381076285,242.0,196.0
2012-11-20 13:00:00,267.0,276.1114308436921,251.0,218.0
2012-11-20 14:00:00,224.0,235.10333645808072,217.0,203.0
2012-11-20 15:00:00,287.0,247.29200267539844,257.0,217.0
2012-11-20 16:00:00,395.0,360.89291288021155,380.0,310.0
2012-11-20 17:00:00,590.0,645.7269473684437,619.0,608.0
2012-11-20 18:00:00,550.0,566.9383134579554,580.0,559.0
2012-11-20 19:00:00,384.0,391.70261441065173,406.0,356.0
2012-11-20 20:00:00,235.0,271.0752052429874,259.0,223.0
2012-11-20 21:00:00,157.0,183.88637610407483,203.0,187.0
2012-11-20 22:00:00,122.0,119.36267088831619,113.0,135.0
2012-11-20 23:00:00,83.0,74.23768131598413,74.0,84.0
2012-11-21 00:00:00,26.0,45.132950289324604,29.0,24.0
2012-11-21 01:00:00,14.0,11.106777503245992,13.0,12.0
2012-11-21 02:00:00,8.0,7.060412716527853,5.0,1.0
2012-11-21 03:00:00,2.0,5.992774550063713,2.0,5.0
2012-11-21 04:00:00,10.0,5.054870962861632,6.0,6.0
2012-11-21 05:00:00,29.0,32.74135080397427,34.0,39.0
2012-11-21 06:00:00,101.0,125.47282412792761,148.0,146.0
2012-11-21 07:00:00,273.0,320.37312047190755,418.0,415.0
2012-11-21 08:00:00,551.0,532.9543671448703,665.0,691.0
2012-11-21 09:00:00,365.0,312.8743911174687,326.0,332.0
2012-11-21 10:00:00,172.0,193.21850463116508,176.0,171.0
2012-11-21 11:00:00,241.0,198.99776291581153,205.0,151.0
2012-11-21 12:00:00,344.0,282.9959318874735,313.0,240.0
2012-11-21 13:00:00,365.0,318.67223182161325,267.0,214.0
2012-11-21 14:00:00,413.0,319.0764165641278,224.0,181.0
2012-11-21 15:00:00,449.0,434.2632709520933,287.0,260.0
2012-11-21 16:00:00,469.0,484.31036582919995,395.0,321.0
2012-11-21 17:00:00,374.0,620.7058193239362,590.0,583.0
2012-11-21 18:00:00,311.0,385.5516090853296,550.0,567.0
2012-11-21 19:00:00,243.0,265.11061251509074,384.0,396.0
2012-11-21 20:00:00,136.0,196.21101883430842,235.0,267.0
2012-11-21 21:00:00,105.0,122.66960991805902,157.0,213.0
2012-11-21 22:00:00,88.0,90.32562283883846,122.0,173.0
2012-11-21 23:00:00,57.0,57.7635195126746,83.0,87.0
2012-11-22 00:00:00,46.0,27.98865584063945,26.0,34.0
2012-11-22 01:00:00,42.0,19.707621398684296,14.0,16.0
2012-11-22 02:00:00,18.0,15.826779153921168,8.0,7.0
2012-11-22 03:00:00,6.0,8.072257686241851,2.0,2.0
2012-11-22 04:00:00,3.0,6.420489063394461,10.0,5.0
2012-11-22 05:00:00,8.0,30.682445129360737,29.0,37.0
2012-11-22 06:00:00,17.0,65.43044391204918,101.0,147.0
2012-11-22 07:00:00,56.0,81.51925176154212,273.0,410.0
2012-11-22 08:00:00,97.0,138.13960738503505,551.0,646.0
2012-11-22 09:00:00,119.0,168.79066501351159,365.0,323.0
2012-11-22 10:00:00,219.0,137.54946568405362,172.0,153.0
2012-11-22 11:00:00,232.0,227.60549098053468,241.0,166.0
2012-11-22 12:00:00,262.0,299.61363009384667,344.0,213.0
2012-11-22 13:00:00,269.0,286.8147743161363,365.0,217.0
2012-11-22 14:00:00,220.0,299.0436429846806,413.0,201.0
2012-11-22 15:00:00,228.0,239.9100775117766,449.0,217.0
2012-11-22 16:00:00,182.0,341.7810271437599,469.0,342.0
2012-11-22 17:00:00,109.0,332.85648268283626,374.0,563.0
2012-11-22 18:00:00,70.0,117.7344597238116,311.0,573.0
2012-11-22 19:00:00,44.0,57.4318371209221,243.0,386.0
2012-11-22 20:00:00,52.0,52.94959083369477,136.0,285.0
2012-11-22 21:00:00,46.0,50.6740931149971,105.0,224.0
2012-11-22 22:00:00,44.0,47.71709140140728,88.0,153.0
2012-11-22 23:00:00,36.0,45.92051731802971,57.0,125.0
2012-11-23 00:00:00,32.0,33.56629819746729,46.0,65.0
2012-11-23 01:00:00,13.0,15.01801654812169,42.0,21.0
2012-11-23 02:00:00,5.0,8.362725810575864,18.0,9.0
2012-11-23 03:00:00,1.0,5.704676576978529,6.0,6.0
2012-11-23 04:00:00,4.0,5.107332458591789,3.0,5.0
2012-11-23 05:00:00,10.0,23.101590572473885,8.0,36.0
2012-11-23 06:00:00,20.0,53.02074616715353,17.0,130.0
2012-11-23 07:00:00,77.0,61.488601002066034,56.0,367.0
2012-11-23 08:00:00,94.0,150.73268119652477,97.0,711.0
2012-11-23 09:00:00,112.0,141.93681627681852,119.0,351.0
2012-11-23 10:00:00,201.0,119.97184246397944,219.0,198.0
2012-11-23 11:00:00,251.0,228.7353659038028,232.0,218.0
2012-11-23 12:00:00,379.0,277.4376504405866,262.0,290.0
2012-11-23 13:00:00,424.0,356.95484064449664,269.0,278.0
2012-11-23 14:00:00,435.0,380.7625747459027,220.0,251.0
2012-11-23 15:00:00,447.0,407.85926307988285,228.0,267.0
2012-11-23 16:00:00,357.0,420.62513114351185,182.0,383.0
2012-11-23 17:00:00,300.0,508.59254301354304,109.0,580.0
2012-11-23 18:00:00,208.0,305.8885786308131,70.0,505.0
2012-11-23 19:00:00,154.0,170.85641708917723,44.0,332.0
2012-11-23 20:00:00,142.0,137.41617198861724,52.0,227.0
2012-11-23 21:00:00,98.0,117.39095756892777,46.0,178.0
2012-11-23 22:00:00,79.0,87.60653052775868,44.0,162.0
2012-11-23 23:00:00,67.0,78.52423304386569,36.0,128.0
2012-11-24 00:00:00,42.0,63.91331305596457,32.0,106.0
2012-11-24 01:00:00,20.0,50.774522423331,13.0,87.0
2012-11-24 02:00:00,32.0,25.54733290279171,5.0,49.0
2012-11-24 03:00:00,11.0,15.259358378675916,1.0,21.0
2012-11-24 04:00:00,3.0,5.889400482177494,4.0,7.0
2012-11-24 05:00:00,3.0,8.915962032586542,10.0,11.0
2012-11-24 06:00:00,10.0,18.849341762132095,20.0,21.0
2012-11-24 07:00:00,25.0,34.025832906852806,77.0,78.0
2012-11-24 08:00:00,62.0,89.497276612738,94.0,168.0
2012-11-24 09:00:00,122.0,111.06740065372794,112.0,248.0
2012-11-24 10:00:00,142.0,182.53749973301927,201.0,320.0
2012-11-24 11:00:00,186.0,215.9202893710824,251.0,423.0
2012-11-24 12:00:00,199.0,226.1126024988006,379.0,476.0
2012-11-24 13:00:00,225.0,196.92467830972012,424.0,525.0
2012-11-24 14:00:00,207.0,190.76316592335382,435.0,555.0
2012-11-24 15:00:00,198.0,185.82870041060417,447.0,549.0
2012-11-24 16:00:00,170.0,189.29097766051683,357.0,469.0
2012-11-24 17:00:00,126.0,183.14315767422346,300.0,403.0
2012-11-24 18:00:00,145.0,112.61526231336181,208.0,271.0
2012-11-24 19:00:00,83.0,137.02885499076916,154.0,253.0
2012-11-24 20:00:00,58.0,69.70277475791328,142.0,172.0
2012-11-24 21:00:00,75.0,53.843111921279096,98.0,139.0
2012-11-24 22:00:00,76.0,68.72309602458229,79.0,145.0
2012-11-24 23:00:00,57.0,73.5956146139344,67.0,133.0
2012-11-25 00:00:00,34.0,74.23237126181424,42.0,129.0
2012-11-25 01:00:00,36.0,47.40679475733928,20.0,95.0
2012-11-25 02:00:00,28.0,45.404459416473365,32.0,73.0
2012-11-25 03:00:00,8.0,26.24180407959009,11.0,46.0
2012-11-25 04:00:00,2.0,7.2219930628757325,3.0,12.0
2012-11-25 05:00:00,3.0,6.622101459691646,3.0,12.0
2012-11-25 06:00:00,11.0,15.996148803955322,10.0,15.0
2012-11-25 07:00:00,21.0,27.252393057183603,25.0,42.0
2012-11-25 08:00:00,34.0,74.08936880475633,62.0,119.0
2012-11-25 09:00:00,96.0,87.57457353571886,122.0,204.0
2012-11-25 10:00:00,139.0,159.71875884904492,142.0,329.0
2012-11-25 11:00:00,204.0,187.4456731317532,186.0,359.0
2012-11-25 12:00:00,202.0,236.09597655011808,199.0,442.0
2012-11-25 13:00:00,195.0,202.7765392630109,225.0,447.0
2012-11-25 14:00:00,203.0,194.85324439167064,207.0,428.0
2012-11-25 15:00:00,245.0,210.4689944297548,198.0,407.0
2012-11-25 16:00:00,228.0,215.0065257643318,170.0,372.0
2012-11-25 17:00:00,181.0,195.68946329207904,126.0,280.0
2012-11-25 18:00:00,141.0,147.68609077548308,145.0,276.0
2012-11-25 19:00:00,127.0,129.4535157565008,83.0,210.0
2012-11-25 20:00:00,119.0,92.50930538636766,58.0,129.0
2012-11-25 21:00:00,64.0,92.64297666560341,75.0,110.0
2012-11-25 22:00:00,62.0,64.42252230450613,76.0,74.0
2012-11-25 23:00:00,41.0,42.78765327039207,57.0,59.0
2012-11-26 00:00:00,23.0,22.70911210847475,34.0,27.0
2012-11-26 01:00:00,10.0,12.98828208258527,36.0,19.0
2012-11-26 02:00:00,5.0,6.449093439511184,28.0,5.0
2012-11-26 03:00:00,5.0,5.47226840784561,8.0,2.0
2012-11-26 04:00:00,10.0,7.040689603364528,2.0,12.0
2012-11-26 05:00:00,41.0,25.25596513573097,3.0,39.0
2012-11-26 06:00:00,124.0,128.59256908007,11.0,131.0
2012-11-26 07:00:00,365.0,292.18778374789366,21.0,386.0
2012-11-26 08:00:00,638.0,636.2357858862117,34.0,663.0
2012-11-26 09:00:00,286.0,301.4279497477075,96.0,278.0
2012-11-26 10:00:00,147.0,147.75943639858826,139.0,139.0
2012-11-26 11:00:00,130.0,182.1974928594359,204.0,197.0
2012-11-26 12:00:00,210.0,167.75803966433196,202.0,242.0
2012-11-26 13:00:00,217.0,223.7688516832502,195.0,251.0
2012-11-26 14:00:00,228.0,206.715460984924,203.0,217.0
2012-11-26 15:00:00,230.0,241.10716651192195,245.0,257.0
2012-11-26 16:00:00,346.0,339.32674568884977,228.0,380.0
2012-11-26 17:00:00,553.0,610.1771617111264,181.0,619.0
2012-11-26 18:00:00,521.0,500.1553553556967,141.0,580.0
2012-11-26 19:00:00,371.0,377.1335160719494,127.0,406.0
2012-11-26 20:00:00,277.0,265.2667927530489,119.0,259.0
2012-11-26 21:00:00,181.0,194.6662098456231,64.0,203.0
2012-11-26 22:00:00,104.0,126.81357622771819,62.0,113.0
2012-11-26 23:00:00,65.0,62.52390402113585,41.0,74.0
2012-11-27 00:00:00,26.0,28.57597481284287,23.0,29.0
2012-11-27 01:00:00,6.0,11.489884889488321,10.0,13.0
2012-11-27 02:00:00,5.0,5.595434454000063,5.0,5.0
2012-11-27 03:00:00,4.0,5.255978262970622,5.0,2.0
2012-11-27 04:00:00,5.0,5.948285332757293,10.0,6.0
2012-11-27 05:00:00,31.0,31.64425952590907,41.0,34.0
2012-11-27 06:00:00,100.0,125.22303176079231,124.0,148.0
2012-11-27 07:00:00,293.0,306.5205016070231,365.0,418.0
2012-11-27 08:00:00,500.0,596.1793265820452,638.0,665.0
2012-11-27 09:00:00,268.0,283.5722686014329,286.0,326.0
2012-11-27 10:00:00,57.0,159.2153674606215,147.0,176.0
2012-11-27 11:00:00,65.0,85.68555552319431,130.0,205.0
2012-11-27 12:00:00,76.0,93.37840201201439,210.0,313.0
2012-11-27 13:00:00,77.0,99.02771350797086,217.0,267.0
2012-11-27 14:00:00,94.0,93.37259208964662,228.0,224.0
2012-11-27 15:00:00,155.0,150.59924275966705,230.0,287.0
2012-11-27 16:00:00,257.0,261.4712227519427,346.0,395.0
2012-11-27 17:00:00,527.0,467.88448951831214,553.0,590.0
2012-11-27 18:00:00,482.0,508.49666933141833,521.0,550.0
2012-11-27 19:00:00,350.0,333.238379741946,371.0,384.0
2012-11-27 20:00:00,232.0,250.99120348285703,277.0,235.0
2012-11-27 21:00:00,185.0,175.1589698621597,181.0,157.0
2012-11-27 22:00:00,97.0,129.23416010435247,104.0,122.0
2012-11-27 23:00:00,67.0,58.637818708329924,65.0,83.0
2012-11-28 00:00:00,23.0,29.77361495181582,26.0,26.0
2012-11-28 01:00:00,12.0,9.911966876767114,6.0,14.0
2012-11-28 02:00:00,1.0,7.105644907675261,5.0,8.0
2012-11-28 03:00:00,3.0,4.715414771832191,4.0,2.0
2012-11-28 04:00:00,4.0,5.405998209150066,5.0,10.0
2012-11-28 05:00:00,39.0,22.135492352825068,31.0,29.0
2012-11-28 06:00:00,136.0,121.50803419862629,100.0,101.0
2012-11-28 07:00:00,409.0,314.1377689784147,293.0,273.0
2012-11-28 08:00:00,692.0,524.8015921510852,500.0,551.0
2012-11-28 09:00:00,322.0,322.5001884507029,268.0,365.0
2012-11-28 10:00:00,161.0,174.81921418453842,57.0,172.0
2012-11-28 11:00:00,146.0,195.19636290108275,65.0,241.0
2012-11-28 12:00:00,208.0,211.16636875409117,76.0,344.0
2012-11-28 13:00:00,214.0,220.5029287226775,77.0,365.0
2012-11-28 14:00:00,176.0,224.1155861129557,94.0,413.0
2012-11-28 15:00:00,179.0,193.47128020090318,155.0,449.0
2012-11-28 16:00:00,325.0,299.59806985367555,257.0,469.0
2012-11-28 17:00:00,563.0,510.1766546710992,527.0,374.0
2012-11-28 18:00:00,542.0,501.0068536619777,482.0,311.0
2012-11-28 19:00:00,387.0,380.7587952649938,350.0,243.0
2012-11-28 20:00:00,263.0,264.9199530794708,232.0,136.0
2012-11-28 21:00:00,223.0,201.2591441657119,185.0,105.0
2012-11-28 22:00:00,154.0,145.47231280511366,97.0,88.0
2012-11-28 23:00:00,78.0,82.44384777124081,67.0,57.0
2012-11-29 00:00:00,29.0,42.52820443051321,23.0,46.0
2012-11-29 01:00:00,16.0,21.373766202151387,12.0,42.0
2012-11-29 02:00:00,7.0,11.954504690302539,1.0,18.0
2012-11-29 04:00:00,7.0,5.0379818474749305,4.0,3.0
2012-11-29 05:00:00,42.0,16.695311061879767,39.0,8.0
2012-11-29 06:00:00,121.0,116.17188973810391,136.0,17.0
2012-11-29 07:00:00,362.0,319.5598079086853,409.0,56.0
2012-11-29 08:00:00,679.0,601.5193142915529,692.0,97.0
2012-11-29 09:00:00,299.0,287.1101647008759,322.0,119.0
2012-11-29 10:00:00,178.0,180.04500002671452,161.0,219.0
2012-11-29 11:00:00,163.0,213.90334608324838,146.0,232.0
2012-11-29 12:00:00,236.0,216.35076002536715,208.0,262.0
2012-11-29 13:00:00,224.0,238.46817914220424,214.0,269.0
2012-11-29 14:00:00,187.0,203.59699600780317,176.0,220.0
2012-11-29 15:00:00,220.0,209.56524526589794,179.0,228.0
2012-11-29 16:00:00,370.0,301.77651078150234,325.0,182.0
2012-11-29 17:00:00,561.0,573.1251325236822,563.0,109.0
2012-11-29 18:00:00,537.0,536.8977904288307,542.0,70.0
2012-11-29 19:00:00,344.0,402.7709797144752,387.0,44.0
2012-11-29 20:00:00,252.0,265.934750763373,263.0,52.0
2012-11-29 21:00:00,208.0,191.03845478187876,223.0,46.0
2012-11-29 22:00:00,151.0,147.16702085382,154.0,44.0
2012-11-29 23:00:00,130.0,91.15064962704186,78.0,36.0
2012-11-30 00:00:00,52.0,74.99379111942658,29.0,32.0
2012-11-30 01:00:00,19.0,19.132293912254962,16.0,13.0
2012-11-30 02:00:00,12.0,8.39434289686895,7.0,5.0
2012-11-30 04:00:00,3.0,5.694213266997721,7.0,4.0
2012-11-30 05:00:00,40.0,15.58241923820985,42.0,10.0
2012-11-30 06:00:00,106.0,103.74946179125146,121.0,20.0
2012-11-30 07:00:00,352.0,253.10166321021322,362.0,77.0
2012-11-30 08:00:00,729.0,581.8475037709894,679.0,94.0
2012-11-30 09:00:00,330.0,302.3821254877855,299.0,112.0
2012-11-30 10:00:00,169.0,193.07733683005824,178.0,201.0
2012-11-30 11:00:00,201.0,235.0499319126965,163.0,251.0
2012-11-30 12:00:00,268.0,251.71801372861492,236.0,379.0
2012-11-30 13:00:00,262.0,285.86398189275087,224.0,424.0
2012-11-30 14:00:00,251.0,255.11664900755525,187.0,435.0
2012-11-30 15:00:00,296.0,250.56826225180666,220.0,447.0
2012-11-30 16:00:00,405.0,367.66110927365105,370.0,357.0
2012-11-30 17:00:00,582.0,485.04052944256875,561.0,300.0
2012-11-30 18:00:00,509.0,522.4242934084547,537.0,208.0
2012-11-30 19:00:00,377.0,371.9720749585476,344.0,154.0
2012-11-30 20:00:00,245.0,261.7183281583429,252.0,142.0
2012-11-30 21:00:00,183.0,190.13986267652095,208.0,98.0
2012-11-30 22:00:00,163.0,136.80490127550001,151.0,79.0
2012-11-30 23:00:00,110.0,117.7496609401293,130.0,67.0
2012-12-01 00:00:00,108.0,68.20290539198871,52.0,42.0
2012-12-01 01:00:00,69.0,65.32906559142286,19.0,20.0
2012-12-01 02:00:00,50.0,38.38351854819294,12.0,32.0
2012-12-01 03:00:00,15.0,19.422267452871992,4.0,11.0
2012-12-01 04:00:00,5.0,6.773680732427367,3.0,3.0
2012-12-01 05:00:00,13.0,8.34758424416654,40.0,3.0
2012-12-01 06:00:00,27.0,22.625580407463737,106.0,10.0
2012-12-01 07:00:00,63.0,57.817463154820814,352.0,25.0
2012-12-01 08:00:00,144.0,138.2309889126251,729.0,62.0
2012-12-01 09:00:00,193.0,227.2493836518243,330.0,122.0
2012-12-01 10:00:00,256.0,238.837073902947,169.0,142.0
2012-12-01 11:00:00,392.0,273.44036216732445,201.0,186.0
2012-12-01 12:00:00,446.0,409.2758116307527,268.0,199.0
2012-12-01 13:00:00,509.0,449.07331715616436,262.0,225.0
2012-12-01 14:00:00,479.0,452.1378748281105,251.0,207.0
2012-12-01 15:00:00,484.0,460.3897263354766,296.0,198.0
2012-12-01 16:00:00,443.0,456.34097454990757,405.0,170.0
2012-12-01 17:00:00,320.0,411.0354958194555,582.0,126.0
2012-12-01 18:00:00,297.0,296.1474038058049,509.0,145.0
2012-12-01 19:00:00,249.0,270.9810128003621,377.0,83.0
2012-12-01 20:00:00,198.0,195.01038175847853,245.0,58.0
2012-12-01 21:00:00,158.0,166.49891967170726,183.0,75.0
2012-12-01 22:00:00,147.0,135.04311294262357,163.0,76.0
2012-12-01 23:00:00,126.0,106.53409910514924,110.0,57.0
2012-12-02 00:00:00,117.0,95.07714317553447,108.0,34.0
2012-12-02 01:00:00,94.0,88.92932861167405,69.0,36.0
2012-12-02 02:00:00,74.0,57.9136840443673,50.0,28.0
2012-12-02 03:00:00,25.0,29.878772866492735,15.0,8.0
2012-12-02 04:00:00,7.0,8.74913678987493,5.0,2.0
2012-12-02 05:00:00,8.0,8.34758424416654,13.0,3.0
2012-12-02 06:00:00,16.0,18.08354666175651,27.0,11.0
2012-12-02 07:00:00,31.0,35.71103203822377,63.0,21.0
2012-12-02 08:00:00,93.0,68.31887504154825,144.0,34.0
2012-12-02 09:00:00,172.0,155.28141253881094,193.0,96.0
2012-12-02 10:00:00,293.0,253.16166342565083,256.0,139.0
2012-12-02 11:00:00,355.0,387.62605350951605,392.0,204.0
2012-12-02 12:00:00,520.0,412.27322443352966,446.0,202.0
2012-12-02 13:00:00,431.0,525.0714428713443,509.0,195.0
2012-12-02 14:00:00,473.0,436.3690237249522,479.0,203.0
2012-12-02 15:00:00,417.0,469.4006014361044,484.0,245.0
2012-12-02 16:00:00,443.0,423.4854184027899,443.0,228.0
2012-12-02 17:00:00,303.0,422.03197818320234,320.0,181.0
2012-12-02 18:00:00,203.0,283.23042890397176,297.0,141.0
2012-12-02 19:00:00,174.0,177.6893329244004,249.0,127.0
2012-12-02 20:00:00,154.0,141.90682810997993,198.0,119.0
2012-12-02 21:00:00,99.0,113.90599249547961,158.0,64.0
2012-12-02 22:00:00,96.0,95.72565414959693,147.0,62.0
2012-12-02 23:00:00,51.0,66.30408422539206,126.0,41.0
2012-12-03 00:00:00,21.0,20.982141811023784,117.0,23.0
2012-12-03 01:00:00,13.0,11.397190618294493,94.0,10.0
2012-12-03 02:00:00,10.0,10.146037793528054,74.0,5.0
2012-12-03 03:00:00,8.0,6.345465863302422,25.0,5.0
2012-12-03 04:00:00,5.0,6.456564365018372,7.0,10.0
2012-12-03 05:00:00,38.0,30.375853814640497,8.0,41.0
2012-12-03 06:00:00,138.0,142.82751162909346,16.0,124.0
2012-12-03 07:00:00,396.0,375.103028835563,31.0,365.0
2012-12-03 08:00:00,731.0,582.0757109656621,93.0,638.0
2012-12-03 09:00:00,308.0,328.1557951315724,172.0,286.0
2012-12-03 10:00:00,136.0,192.5022551763129,293.0,147.0
2012-12-03 11:00:00,233.0,166.80836059476772,355.0,130.0
2012-12-03 12:00:00,268.0,283.26343584759564,520.0,210.0
2012-12-03 13:00:00,321.0,283.7162406451311,431.0,217.0
2012-12-03 14:00:00,260.0,307.00505615694806,473.0,228.0
2012-12-03 15:00:00,268.0,264.49373998649475,417.0,230.0
2012-12-03 16:00:00,442.0,391.4386705190695,443.0,346.0
2012-12-03 17:00:00,708.0,515.0201231349466,303.0,553.0
2012-12-03 18:00:00,692.0,590.0774608845524,203.0,521.0
2012-12-03 19:00:00,471.0,449.50089200800625,174.0,371.0
2012-12-03 20:00:00,300.0,308.4423539730204,154.0,277.0
2012-12-03 21:00:00,221.0,215.20443393898415,99.0,181.0
2012-12-03 22:00:00,144.0,142.1711495207127,96.0,104.0
2012-12-03 23:00:00,102.0,77.058260807382,51.0,65.0
2012-12-04 00:00:00,55.0,58.23226400059564,21.0,26.0
2012-12-04 01:00:00,25.0,17.05665007885054,13.0,6.0
2012-12-04 02:00:00,8.0,9.817061160255614,10.0,5.0
2012-12-04 03:00:00,4.0,5.93202321156281,8.0,4.0
2012-12-04 04:00:00,7.0,5.385046460504732,5.0,5.0
2012-12-04 05:00:00,46.0,25.728876140632618,38.0,31.0
2012-12-04 06:00:00,153.0,132.06606044752323,138.0,100.0
2012-12-04 07:00:00,502.0,432.00158704663744,396.0,293.0
2012-12-04 08:00:00,721.0,641.6897187750561,731.0,500.0
2012-12-04 09:00:00,336.0,320.0959168714827,308.0,268.0
2012-12-04 10:00:00,156.0,190.80766652650982,136.0,57.0
2012-12-04 11:00:00,207.0,181.4645442437346,233.0,65.0
2012-12-04 12:00:00,312.0,231.69221810873265,268.0,76.0
2012-12-04 13:00:00,272.0,299.6752218038202,321.0,77.0
2012-12-04 14:00:00,270.0,262.1193831333218,260.0,94.0
2012-12-04 15:00:00,300.0,276.55662074578333,268.0,155.0
2012-12-04 16:00:00,435.0,410.0980057767238,442.0,257.0
2012-12-04 17:00:00,743.0,656.1121369848767,708.0,527.0
2012-12-04 18:00:00,731.0,720.6814248805653,692.0,482.0
2012-12-04 19:00:00,460.0,501.21628699690353,471.0,350.0
2012-12-04 20:00:00,306.0,313.9082036019968,300.0,232.0
2012-12-04 21:00:00,280.0,222.79992580297778,221.0,185.0
2012-12-04 22:00:00,181.0,194.3190616385129,144.0,97.0
2012-12-04 23:00:00,96.0,98.60733897663228,102.0,67.0
2012-12-05 00:00:00,37.0,46.6091006805074,55.0,23.0
2012-12-05 01:00:00,11.0,14.729431052589323,25.0,12.0
2012-12-05 02:00:00,9.0,6.033722290688468,8.0,1.0
2012-12-05 03:00:00,7.0,6.033722290688468,4.0,3.0
2012-12-05 04:00:00,10.0,5.97583838565426,7.0,4.0
2012-12-05 05:00:00,49.0,33.67091981574499,46.0,39.0
2012-12-05 06:00:00,124.0,158.7778842944988,153.0,136.0
2012-12-05 07:00:00,398.0,358.096759866005,502.0,409.0
2012-12-05 08:00:00,759.0,690.8254343507726,721.0,692.0
2012-12-05 09:00:00,388.0,339.57548568019985,336.0,322.0
2012-12-05 10:00:00,141.0,210.6184238154612,156.0,161.0
2012-12-05 11:00:00,172.0,181.2123063977788,207.0,146.0
2012-12-05 12:00:00,232.0,227.88409529340578,312.0,208.0
2012-12-05 13:00:00,214.0,250.68867727229116,272.0,214.0
2012-12-05 14:00:00,218.0,226.30505442366942,270.0,176.0
2012-12-05 15:00:00,285.0,242.44120226323358,300.0,179.0
2012-12-05 16:00:00,377.0,403.1703093443132,435.0,325.0
2012-12-05 17:00:00,605.0,640.4997508081193,743.0,563.0
2012-12-05 18:00:00,609.0,619.7210603499608,731.0,542.0
2012-12-05 19:00:00,414.0,445.8723450161699,460.0,387.0
2012-12-05 20:00:00,293.0,291.17824491692386,306.0,263.0
2012-12-05 21:00:00,198.0,229.89169496218108,280.0,223.0
2012-12-05 22:00:00,105.0,157.2083932893305,181.0,154.0
2012-12-05 23:00:00,74.0,70.70823867524464,96.0,78.0
2012-12-06 00:00:00,44.0,31.89547250432617,37.0,29.0
2012-12-06 01:00:00,16.0,19.779390803986626,11.0,16.0
2012-12-06 02:00:00,9.0,7.722435983200036,9.0,7.0
2012-12-06 04:00:00,9.0,5.87992557225603,10.0,7.0
2012-12-06 05:00:00,32.0,32.46965268773211,49.0,42.0
2012-12-06 06:00:00,124.0,124.45120435118575,124.0,121.0
2012-12-06 07:00:00,389.0,345.6588496195233,398.0,362.0
2012-12-06 08:00:00,659.0,684.1589469488287,759.0,679.0
2012-12-06 09:00:00,276.0,356.0646297101128,388.0,299.0
2012-12-06 10:00:00,145.0,162.1055814918451,141.0,178.0
2012-12-06 11:00:00,178.0,176.06996444204808,172.0,163.0
2012-12-06 12:00:00,235.0,224.65427525289272,232.0,236.0
2012-12-06 13:00:00,245.0,219.842302717475,214.0,224.0
2012-12-06 14:00:00,212.0,209.3669761969469,218.0,187.0
2012-12-06 15:00:00,270.0,246.9031810602452,285.0,220.0
2012-12-06 16:00:00,331.0,375.8875974705818,377.0,370.0
2012-12-06 17:00:00,617.0,563.2346805446573,605.0,561.0
2012-12-06 18:00:00,565.0,581.3293166043172,609.0,537.0
2012-12-06 19:00:00,373.0,411.9358721981211,414.0,344.0
2012-12-06 20:00:00,227.0,269.1617511629126,293.0,252.0
2012-12-06 21:00:00,191.0,180.70852014579086,198.0,208.0
2012-12-06 22:00:00,133.0,143.6934765094758,105.0,151.0
2012-12-06 23:00:00,93.0,94.37777028104017,74.0,130.0
2012-12-07 00:00:00,48.0,45.072222849435036,44.0,52.0
2012-12-07 01:00:00,28.0,20.752070337315466,16.0,19.0
2012-12-07 02:00:00,11.0,11.682179898879541,9.0,12.0
2012-12-07 03:00:00,5.0,6.297970645304108,2.0,4.0
2012-12-07 04:00:00,10.0,5.561174358211018,9.0,3.0
2012-12-07 05:00:00,26.0,31.889366751351204,32.0,40.0
2012-12-07 06:00:00,84.0,99.13363031940308,124.0,106.0
2012-12-07 07:00:00,215.0,291.57390456278466,389.0,352.0
2012-12-07 08:00:00,441.0,456.9124386824319,659.0,729.0
2012-12-07 09:00:00,301.0,299.07898221708376,276.0,330.0
2012-12-07 10:00:00,166.0,190.96902208947193,145.0,169.0
2012-12-07 11:00:00,203.0,199.13954067841613,178.0,201.0
2012-12-07 12:00:00,240.0,257.82621419232805,235.0,268.0
2012-12-07 13:00:00,220.0,242.18754024568207,245.0,262.0
2012-12-07 14:00:00,215.0,235.9308317881346,212.0,251.0
2012-12-07 15:00:00,303.0,258.8077933723886,270.0,296.0
2012-12-07 16:00:00,375.0,369.92222096864936,331.0,405.0
2012-12-07 17:00:00,568.0,566.3834409261284,617.0,582.0
2012-12-07 18:00:00,498.0,494.2919964978946,565.0,509.0
2012-12-07 19:00:00,352.0,359.8364686616191,373.0,377.0
2012-12-07 20:00:00,241.0,250.09900343165555,227.0,245.0
2012-12-07 21:00:00,171.0,184.10275469910331,191.0,183.0
2012-12-07 22:00:00,165.0,146.9659263780143,133.0,163.0
2012-12-07 23:00:00,122.0,118.20144104944873,93.0,110.0
2012-12-08 00:00:00,103.0,97.2706206511814,48.0,108.0
2012-12-08 01:00:00,100.0,73.5043005527462,28.0,69.0
2012-12-08 02:00:00,70.0,65.99496916988915,11.0,50.0
2012-12-08 03:00:00,29.0,31.44303586226973,5.0,15.0
2012-12-08 04:00:00,12.0,11.388021401934639,10.0,5.0
2012-12-08 05:00:00,6.0,14.368007633165279,26.0,13.0
2012-12-08 06:00:00,20.0,27.591269885731418,84.0,27.0
2012-12-08 07:00:00,39.0,65.29484589736776,215.0,63.0
2012-12-08 08:00:00,111.0,128.73550510776153,441.0,144.0
2012-12-08 09:00:00,170.0,200.07351751586515,301.0,193.0
2012-12-08 10:00:00,287.0,275.85488145764094,166.0,256.0
2012-12-08 11:00:00,404.0,338.3940683047239,203.0,392.0
2012-12-08 12:00:00,486.0,445.021996295103,240.0,446.0
2012-12-08 13:00:00,547.0,465.77635718762997,220.0,509.0
2012-12-08 14:00:00,542.0,526.7113384944826,215.0,479.0
2012-12-08 15:00:00,541.0,526.6719804491263,303.0,484.0
2012-12-08 16:00:00,507.0,485.13644152402935,375.0,443.0
2012-12-08 17:00:00,345.0,460.32466275694594,568.0,320.0
2012-12-08 18:00:00,304.0,319.5906544301789,498.0,297.0
2012-12-08 19:00:00,246.0,254.43444148808183,352.0,249.0
2012-12-08 20:00:00,182.0,190.0220211430976,241.0,198.0
2012-12-08 21:00:00,209.0,156.28337221290084,171.0,158.0
2012-12-08 22:00:00,160.0,170.76574767665474,165.0,147.0
2012-12-08 23:00:00,162.0,126.8666262084816,122.0,126.0
2012-12-09 00:00:00,118.0,111.4225148936056,103.0,117.0
2012-12-09 01:00:00,102.0,98.06786295988543,100.0,94.0
2012-12-09 02:00:00,78.0,76.6813164492697,70.0,74.0
2012-12-09 03:00:00,48.0,44.53844764735657,29.0,25.0
2012-12-09 04:00:00,12.0,17.943148220996008,12.0,7.0
2012-12-09 05:00:00,8.0,10.215120550049056,6.0,8.0
2012-12-09 06:00:00,6.0,21.985053983895423,20.0,16.0
2012-12-09 07:00:00,23.0,25.155806265424747,39.0,31.0
2012-12-09 08:00:00,69.0,68.06202443666021,111.0,93.0
2012-12-09 09:00:00,103.0,148.80498114027802,170.0,172.0
2012-12-09 10:00:00,219.0,203.98446758859362,287.0,293.0
2012-12-09 11:00:00,250.0,308.25854687239695,404.0,355.0
2012-12-09 12:00:00,315.0,296.2472785244304,486.0,520.0
2012-12-09 13:00:00,285.0,346.69775255860975,547.0,431.0
2012-12-09 14:00:00,232.0,338.697332093608,542.0,473.0
2012-12-09 15:00:00,225.0,275.7167247724571,541.0,417.0
2012-12-09 16:00:00,253.0,251.82275657992457,507.0,443.0
2012-12-09 17:00:00,229.0,241.3854115794172,345.0,303.0
2012-12-09 18:00:00,198.0,208.76351820300061,304.0,203.0
2012-12-09 19:00:00,122.0,173.2665452156644,246.0,174.0
2012-12-09 20:00:00,108.0,109.15423194809169,182.0,154.0
2012-12-09 21:00:00,96.0,96.0380183144695,209.0,99.0
2012-12-09 22:00:00,78.0,81.92511369263416,160.0,96.0
2012-12-09 23:00:00,51.0,59.79665198563115,162.0,51.0
2012-12-10 00:00:00,20.0,20.642212899201724,118.0,21.0
2012-12-10 01:00:00,4.0,12.397614223654374,102.0,13.0
2012-12-10 02:00:00,5.0,8.347139959002893,78.0,10.0
2012-12-10 03:00:00,4.0,5.752171794976843,48.0,8.0
2012-12-10 04:00:00,12.0,5.602535139982415,12.0,5.0
2012-12-10 05:00:00,27.0,27.82325981218045,8.0,38.0
2012-12-10 06:00:00,123.0,101.97602645977624,6.0,138.0
2012-12-10 07:00:00,294.0,313.52965198056893,23.0,396.0
2012-12-10 08:00:00,584.0,609.6555756834218,69.0,731.0
2012-12-10 09:00:00,284.0,318.38515348300297,103.0,308.0
2012-12-10 10:00:00,133.0,150.22560523776332,219.0,136.0
2012-12-10 11:00:00,134.0,171.89141692174675,250.0,233.0
2012-12-10 12:00:00,173.0,174.75374174375665,315.0,268.0
2012-12-10 13:00:00,220.0,190.48232778188807,285.0,321.0
2012-12-10 14:00:00,210.0,218.38399145992383,232.0,260.0
2012-12-10 15:00:00,236.0,223.8144433195371,225.0,268.0
2012-12-10 16:00:00,345.0,364.0591107136151,253.0,442.0
2012-12-10 17:00:00,616.0,675.4036020561751,229.0,708.0
2012-12-10 18:00:00,564.0,601.9207825918676,198.0,692.0
2012-12-10 19:00:00,427.0,437.7361020812859,122.0,471.0
2012-12-10 20:00:00,300.0,304.4416720502912,108.0,300.0
2012-12-10 21:00:00,245.0,217.0251817966494,96.0,221.0
2012-12-10 22:00:00,126.0,162.46450411751735,78.0,144.0
2012-12-10 23:00:00,84.0,67.89404052738536,51.0,102.0
2012-12-11 00:00:00,31.0,44.15048339529172,20.0,55.0
2012-12-11 01:00:00,8.0,16.958509326667897,4.0,25.0
2012-12-11 02:00:00,1.0,5.992774550063713,5.0,8.0
2012-12-11 03:00:00,3.0,5.054870962861632,4.0,4.0
2012-12-11 04:00:00,8.0,5.557358496613291,12.0,7.0
2012-12-11 05:00:00,41.0,35.2377527895545,27.0,46.0
2012-12-11 06:00:00,118.0,157.83091507359046,123.0,153.0
2012-12-11 07:00:00,380.0,303.91712788297815,294.0,502.0
2012-12-11 08:00:00,724.0,690.6971009647584,584.0,721.0
2012-12-11 09:00:00,334.0,326.2693533518099,284.0,336.0
2012-12-11 10:00:00,154.0,175.44240111033568,133.0,156.0
2012-12-11 11:00:00,173.0,190.09662315018235,134.0,207.0
2012-12-11 12:00:00,226.0,236.3898254355645,173.0,312.0
2012-12-11 13:00:00,254.0,235.23581785137844,220.0,272.0
2012-12-11 14:00:00,204.0,239.7807866217053,210.0,270.0
2012-12-11 15:00:00,270.0,230.76478351070548,236.0,300.0
2012-12-11 16:00:00,358.0,403.26099407779463,345.0,435.0
2012-12-11 17:00:00,601.0,723.8871638457916,616.0,743.0
2012-12-11 18:00:00,546.0,619.2680689204875,564.0,731.0
2012-12-11 19:00:00,433.0,413.942689495647,427.0,460.0
2012-12-11 20:00:00,257.0,306.07784943007044,300.0,306.0
2012-12-11 21:00:00,207.0,210.33456357163968,245.0,280.0
2012-12-11 22:00:00,106.0,149.36323646893763,126.0,181.0
2012-12-11 23:00:00,64.0,63.4030668576124,84.0,96.0
2012-12-12 00:00:00,34.0,31.667236626610038,31.0,37.0
2012-12-12 01:00:00,21.0,12.87268974543309,8.0,11.0
2012-12-12 02:00:00,9.0,8.651021732323745,1.0,9.0
2012-12-12 03:00:00,10.0,5.992774550063713,3.0,7.0
2012-12-12 04:00:00,4.0,6.343901796352146,8.0,10.0
2012-12-12 05:00:00,37.0,33.841472067327146,41.0,49.0
2012-12-12 06:00:00,128.0,142.82835130230856,118.0,124.0
2012-12-12 07:00:00,369.0,321.0293080418721,380.0,398.0
2012-12-12 08:00:00,688.0,696.4187875377684,724.0,759.0
2012-12-12 09:00:00,285.0,351.34889382114306,334.0,388.0
2012-12-12 10:00:00,136.0,153.10447750064242,154.0,141.0
2012-12-12 11:00:00,172.0,165.0071188870561,173.0,172.0
2012-12-12 12:00:00,232.0,227.56526113843796,226.0,232.0
2012-12-12 13:00:00,238.0,238.20171150943835,254.0,214.0
2012-12-12 14:00:00,225.0,218.30108236535875,204.0,218.0
2012-12-12 15:00:00,228.0,252.94953344070564,270.0,285.0
2012-12-12 16:00:00,329.0,343.41692221427047,358.0,377.0
2012-12-12 17:00:00,561.0,623.3371686239368,601.0,605.0
2012-12-12 18:00:00,540.0,547.8393199767135,546.0,609.0
2012-12-12 19:00:00,402.0,407.6691908578479,433.0,414.0
2012-12-12 20:00:00,268.0,292.65214893868324,257.0,293.0
2012-12-12 21:00:00,202.0,201.71929943025054,207.0,198.0
2012-12-12 22:00:00,122.0,137.42354964748878,106.0,105.0
2012-12-12 23:00:00,79.0,74.59671996061596,64.0,74.0
2012-12-13 00:00:00,32.0,40.6609843042691,34.0,44.0
2012-12-13 01:00:00,23.0,14.169521581752424,21.0,16.0
2012-12-13 02:00:00,8.0,8.973588807966486,9.0,9.0
2012-12-13 03:00:00,2.0,6.478372968428669,10.0,2.0
2012-12-13 04:00:00,8.0,5.728565284792805,4.0,9.0
2012-12-13 05:00:00,33.0,25.915269458955006,37.0,32.0
2012-12-13 06:00:00,114.0,124.61863668820486,128.0,124.0
2012-12-13 07:00:00,385.0,314.8303220703086,369.0,389.0
2012-12-13 08:00:00,679.0,660.9976228945404,688.0,659.0
2012-12-13 09:00:00,325.0,311.48231523913194,285.0,276.0
2012-12-13 10:00:00,167.0,174.79557550760163,136.0,145.0
2012-12-13 11:00:00,189.0,188.24795557769286,172.0,178.0
2012-12-13 12:00:00,282.0,229.53248417479747,232.0,235.0
2012-12-13 13:00:00,271.0,259.25858319507756,238.0,245.0
2012-12-13 14:00:00,242.0,250.1081314542798,225.0,212.0
2012-12-13 15:00:00,280.0,250.2688973550175,228.0,270.0
2012-12-13 16:00:00,406.0,357.44576544866624,329.0,331.0
2012-12-13 17:00:00,550.0,646.1794633155627,561.0,617.0
2012-12-13 18:00:00,466.0,517.5801750379065,540.0,565.0
2012-12-13 19:00:00,348.0,343.7310066711505,402.0,373.0
2012-12-13 20:00:00,241.0,260.44561353706786,268.0,227.0
2012-12-13 21:00:00,213.0,186.84121195899812,202.0,191.0
2012-12-13 22:00:00,148.0,155.01230794075425,122.0,133.0
2012-12-13 23:00:00,120.0,90.16673835848478,79.0,93.0
2012-12-14 00:00:00,47.0,71.86879896228383,32.0,48.0
2012-12-14 01:00:00,26.0,23.304292772591822,23.0,28.0
2012-12-14 02:00:00,9.0,10.909486064734734,8.0,11.0
2012-12-14 03:00:00,12.0,6.297970645304108,2.0,5.0
2012-12-14 04:00:00,10.0,7.761968249204095,8.0,10.0
2012-12-14 05:00:00,34.0,25.33498352257412,33.0,26.0
2012-12-14 06:00:00,113.0,99.40128018874115,114.0,84.0
2012-12-14 07:00:00,308.0,311.8969955355525,385.0,215.0
2012-12-14 08:00:00,636.0,514.7940371911741,679.0,441.0
2012-12-14 09:00:00,343.0,318.4622334500397,325.0,301.0
2012-12-14 10:00:00,190.0,206.4195792639027,167.0,166.0
2012-12-14 11:00:00,211.0,219.3403919322954,189.0,203.0
2012-12-14 12:00:00,273.0,273.4607896411822,282.0,240.0
2012-12-14 13:00:00,313.0,284.82996154929197,271.0,220.0
2012-12-14 14:00:00,299.0,283.0567666436625,242.0,215.0
2012-12-14 15:00:00,309.0,326.38861234550234,280.0,303.0
2012-12-14 16:00:00,417.0,396.69186325089737,406.0,375.0
2012-12-14 17:00:00,622.0,523.6120769235031,550.0,568.0
2012-12-14 18:00:00,455.0,501.27809234116717,466.0,498.0
2012-12-14 19:00:00,319.0,328.7048921728075,348.0,352.0
2012-12-14 20:00:00,221.0,229.79242126906755,241.0,241.0
2012-12-14 21:00:00,172.0,185.64252830090484,213.0,171.0
2012-12-14 22:00:00,138.0,154.1259112305067,148.0,165.0
2012-12-14 23:00:00,134.0,117.5799236355904,120.0,122.0
2012-12-15 00:00:00,94.0,96.30393875452589,47.0,103.0
2012-12-15 01:00:00,95.0,76.08855523619772,26.0,100.0
2012-12-15 02:00:00,69.0,67.87829343877361,9.0,70.0
2012-12-15 03:00:00,23.0,34.49774583129776,12.0,29.0
2012-12-15 04:00:00,6.0,9.744615040175951,10.0,12.0
2012-12-15 05:00:00,3.0,8.687040435195982,34.0,6.0
2012-12-15 06:00:00,11.0,22.911044393941967,113.0,20.0
2012-12-15 07:00:00,48.0,31.68346973509361,308.0,39.0
2012-12-15 08:00:00,119.0,122.6136365602086,636.0,111.0
2012-12-15 09:00:00,220.0,204.8305858309252,343.0,170.0
2012-12-15 10:00:00,273.0,298.39536339732246,190.0,287.0
2012-12-15 11:00:00,393.0,336.456422367481,211.0,404.0
2012-12-15 12:00:00,453.0,450.0315469940862,273.0,486.0
2012-12-15 13:00:00,456.0,418.94961502851453,313.0,547.0
2012-12-15 14:00:00,426.0,417.2444529113236,299.0,542.0
2012-12-15 15:00:00,447.0,420.70246643566617,309.0,541.0
2012-12-15 16:00:00,413.0,414.3305129683782,417.0,507.0
2012-12-15 17:00:00,309.0,364.81016298033114,622.0,345.0
2012-12-15 18:00:00,272.0,311.25448296462133,455.0,304.0
2012-12-15 19:00:00,257.0,228.82226304271873,319.0,246.0
2012-12-15 20:00:00,201.0,189.8529462098239,221.0,182.0
2012-12-15 21:00:00,184.0,170.7232404763748,172.0,209.0
2012-12-15 22:00:00,156.0,147.8269726458648,138.0,160.0
2012-12-15 23:00:00,119.0,131.00275245520083,134.0,162.0
2012-12-16 00:00:00,110.0,99.0774026614973,94.0,118.0
2012-12-16 01:00:00,96.0,83.07392818095428,95.0,102.0
2012-12-16 02:00:00,87.0,70.46874686310161,69.0,78.0
2012-12-16 03:00:00,38.0,51.95060908481159,23.0,48.0
2012-12-16 04:00:00,11.0,15.30065271229432,6.0,12.0
2012-12-16 05:00:00,9.0,8.585856926650248,3.0,8.0
2012-12-16 06:00:00,6.0,16.07672685519218,11.0,6.0
2012-12-16 07:00:00,27.0,21.903832648146864,48.0,23.0
2012-12-16 08:00:00,88.0,77.90963157827375,119.0,69.0
2012-12-16 09:00:00,132.0,150.15550179416445,220.0,103.0
2012-12-16 10:00:00,257.0,218.05237874467164,273.0,219.0
2012-12-16 11:00:00,295.0,351.2237939924389,393.0,250.0
2012-12-16 12:00:00,417.0,377.70536373187895,453.0,315.0
2012-12-16 13:00:00,356.0,422.24875326632355,456.0,285.0
2012-12-16 14:00:00,310.0,357.44141102878666,426.0,232.0
2012-12-16 15:00:00,338.0,337.4737173138566,447.0,225.0
2012-12-16 16:00:00,400.0,341.096183114132,413.0,253.0
2012-12-16 17:00:00,243.0,389.82467435512234,309.0,229.0
2012-12-16 18:00:00,107.0,221.74694105862935,272.0,198.0
2012-12-16 19:00:00,109.0,109.9637714422022,257.0,122.0
2012-12-16 20:00:00,122.0,102.37897917938369,201.0,108.0
2012-12-16 21:00:00,106.0,118.02112697045818,184.0,96.0
2012-12-16 22:00:00,89.0,94.07145164665135,156.0,78.0
2012-12-16 23:00:00,33.0,62.5386844200747,119.0,51.0
2012-12-17 00:00:00,28.0,16.9817941572743,110.0,20.0
2012-12-17 01:00:00,15.0,12.894187685120416,96.0,4.0
2012-12-17 02:00:00,5.0,10.814092002336245,87.0,5.0
2012-12-17 03:00:00,3.0,6.616179976046965,38.0,4.0
2012-12-17 04:00:00,5.0,6.1523275105307285,11.0,12.0
2012-12-17 05:00:00,24.0,20.993214981113166,9.0,27.0
2012-12-17 06:00:00,108.0,108.26895622297594,6.0,123.0
2012-12-17 07:00:00,319.0,286.0429662220016,27.0,294.0
2012-12-17 08:00:00,592.0,484.4494527400025,88.0,584.0
2012-12-17 09:00:00,282.0,300.09348517131565,132.0,284.0
2012-12-17 10:00:00,135.0,175.9034140743048,257.0,133.0
2012-12-17 11:00:00,170.0,159.36850312256462,295.0,134.0
2012-12-17 12:00:00,232.0,193.54273518052815,417.0,173.0
2012-12-17 13:00:00,210.0,238.58896012212855,356.0,220.0
2012-12-17 14:00:00,181.0,210.87998017167638,310.0,210.0
2012-12-17 15:00:00,211.0,188.6678398552386,338.0,236.0
2012-12-17 16:00:00,302.0,313.32761340740393,400.0,345.0
2012-12-17 17:00:00,495.0,577.8869813958703,243.0,616.0
2012-12-17 18:00:00,507.0,411.7068729135634,107.0,564.0
2012-12-17 19:00:00,340.0,373.45017493012557,109.0,427.0
2012-12-17 20:00:00,200.0,255.24349224769256,122.0,300.0
2012-12-17 21:00:00,120.0,159.55910168082363,106.0,245.0
2012-12-17 22:00:00,54.0,93.99485760348949,89.0,126.0
2012-12-17 23:00:00,47.0,41.94658729635061,33.0,84.0
2012-12-18 00:00:00,18.0,22.88764681964657,28.0,31.0
2012-12-18 01:00:00,15.0,8.591634335380208,15.0,8.0
2012-12-18 02:00:00,7.0,7.060412716527853,5.0,1.0
2012-12-18 03:00:00,5.0,5.255978262970622,3.0,3.0
2012-12-18 04:00:00,8.0,5.595434454000063,5.0,8.0
2012-12-18 05:00:00,36.0,31.163018875789575,24.0,41.0
2012-12-18 06:00:00,118.0,122.52765477134885,108.0,118.0
2012-12-18 07:00:00,355.0,317.90801206404683,319.0,380.0
2012-12-18 08:00:00,662.0,661.0119508764614,592.0,724.0
2012-12-18 09:00:00,326.0,309.77563438121854,282.0,334.0
2012-12-18 10:00:00,184.0,174.49165588041893,135.0,154.0
2012-12-18 11:00:00,269.0,192.50108143108525,170.0,173.0
2012-12-18 12:00:00,313.0,277.81425918488407,232.0,226.0
2012-12-18 13:00:00,286.0,281.24832387716543,210.0,254.0
2012-12-18 14:00:00,247.0,230.05121333073095,181.0,204.0
2012-12-18 15:00:00,246.0,246.99345412977473,211.0,270.0
2012-12-18 16:00:00,363.0,354.7534782131289,302.0,358.0
2012-12-18 17:00:00,572.0,560.4974423260746,495.0,601.0
2012-12-18 18:00:00,525.0,537.7271967553388,507.0,546.0
2012-12-18 19:00:00,353.0,386.1547052538731,340.0,433.0
2012-12-18 20:00:00,268.0,250.2023647434972,200.0,257.0
2012-12-18 21:00:00,168.0,197.27422332123334,120.0,207.0
2012-12-18 22:00:00,132.0,111.16340464817712,54.0,106.0
2012-12-18 23:00:00,81.0,70.72773948170548,47.0,64.0
2012-12-19 00:00:00,41.0,38.97497884399339,18.0,34.0
2012-12-19 01:00:00,15.0,20.238768319132557,15.0,21.0
2012-12-19 02:00:00,3.0,7.750996153845733,7.0,9.0
2012-12-19 03:00:00,5.0,5.405998209150066,5.0,10.0
2012-12-19 04:00:00,7.0,5.595434454000063,8.0,4.0
2012-12-19 05:00:00,31.0,31.64425952590907,36.0,37.0
2012-12-19 06:00:00,112.0,124.91465251009726,118.0,128.0
2012-12-19 07:00:00,363.0,307.30235960245165,355.0,369.0
2012-12-19 08:00:00,678.0,648.8386428429075,662.0,688.0
2012-12-19 09:00:00,317.0,314.38689693720767,326.0,285.0
2012-12-19 10:00:00,164.0,174.46826514280247,184.0,136.0
2012-12-19 11:00:00,200.0,201.96209527985317,269.0,172.0
2012-12-19 12:00:00,236.0,249.84093774958131,313.0,232.0
2012-12-19 13:00:00,213.0,251.69444377006496,286.0,238.0
2012-12-19 14:00:00,218.0,210.3283960029357,247.0,225.0
2012-12-19 15:00:00,237.0,230.01219996398837,246.0,228.0
2012-12-19 16:00:00,334.0,367.15857922725553,363.0,329.0
2012-12-19 17:00:00,562.0,585.1900591656158,572.0,561.0
2012-12-19 18:00:00,569.0,547.1927168761097,525.0,540.0
2012-12-19 19:00:00,336.0,383.53505319031007,353.0,402.0
2012-12-19 20:00:00,241.0,252.6562868959907,268.0,268.0
2012-12-19 21:00:00,168.0,180.21081223155474,168.0,202.0
2012-12-19 22:00:00,129.0,126.56557283381284,132.0,122.0
2012-12-19 23:00:00,88.0,75.33703658858221,81.0,79.0
2012-12-20 00:00:00,42.0,47.23895494162387,41.0,32.0
2012-12-20 01:00:00,20.0,20.561335394775295,15.0,23.0
2012-12-20 02:00:00,8.0,8.622461561678051,3.0,8.0
2012-12-20 03:00:00,4.0,5.975885434677011,5.0,2.0
2012-12-20 04:00:00,6.0,5.768364874648374,7.0,8.0
2012-12-20 05:00:00,35.0,25.517929362891362,31.0,33.0
2012-12-20 06:00:00,118.0,122.53312484720111,112.0,114.0
2012-12-20 07:00:00,350.0,317.54300694771774,363.0,385.0
2012-12-20 08:00:00,599.0,658.5552457359213,678.0,679.0
2012-12-20 09:00:00,317.0,313.84662477225885,317.0,325.0
2012-12-20 10:00:00,161.0,174.93054768041694,164.0,167.0
2012-12-20 11:00:00,190.0,192.2789844151769,200.0,189.0
2012-12-20 12:00:00,212.0,242.23239499316986,236.0,282.0
2012-12-20 13:00:00,217.0,224.77564921950767,213.0,271.0
2012-12-20 14:00:00,214.0,214.39211221960602,218.0,242.0
2012-12-20 15:00:00,249.0,236.61619963256348,237.0,280.0
2012-12-20 16:00:00,302.0,372.0005108620048,334.0,406.0
2012-12-20 17:00:00,475.0,569.3479798056767,562.0,550.0
2012-12-20 18:00:00,381.0,454.57906582096797,569.0,466.0
2012-12-20 19:00:00,118.0,282.33235213557475,336.0,348.0
2012-12-20 20:00:00,50.0,128.7585618429814,241.0,241.0
2012-12-20 21:00:00,26.0,64.61624942453474,168.0,213.0
2012-12-20 22:00:00,21.0,43.7475217528937,129.0,148.0
2012-12-20 23:00:00,13.0,49.99182718155036,88.0,120.0
2012-12-21 00:00:00,17.0,20.43758732068004,42.0,47.0
2012-12-21 01:00:00,9.0,14.991843678928197,20.0,26.0
2012-12-21 02:00:00,3.0,6.649097891592541,8.0,9.0
2012-12-21 03:00:00,3.0,6.532251435343191,4.0,12.0
2012-12-21 04:00:00,6.0,5.654413677142152,6.0,10.0
2012-12-21 05:00:00,13.0,28.13708097314128,35.0,34.0
2012-12-21 06:00:00,80.0,71.14857160331367,118.0,113.0
2012-12-21 07:00:00,208.0,246.24848608499292,350.0,308.0
2012-12-21 08:00:00,472.0,395.6555177396886,599.0,636.0
2012-12-21 09:00:00,267.0,284.593788747225,317.0,343.0
2012-12-21 10:00:00,154.0,175.5962828461535,161.0,190.0
2012-12-21 11:00:00,162.0,192.85576004659137,190.0,211.0
2012-12-21 12:00:00,224.0,202.51896582651432,212.0,273.0
2012-12-21 13:00:00,240.0,237.45021690131966,217.0,313.0
2012-12-21 14:00:00,219.0,248.48261830385422,214.0,299.0
2012-12-21 15:00:00,263.0,240.63421303393682,249.0,309.0
2012-12-21 16:00:00,281.0,358.04392655271687,302.0,417.0
2012-12-21 17:00:00,321.0,480.36693933423066,475.0,622.0
2012-12-21 18:00:00,243.0,310.81543510587113,381.0,455.0
2012-12-21 19:00:00,153.0,195.41375843788717,118.0,319.0
2012-12-21 20:00:00,112.0,132.66670940858933,50.0,221.0
2012-12-21 21:00:00,70.0,94.1705464096909,26.0,172.0
2012-12-21 22:00:00,63.0,63.69248925204795,21.0,138.0
2012-12-21 23:00:00,40.0,65.13734720758359,13.0,134.0
2012-12-22 00:00:00,31.0,51.27191501205119,17.0,94.0
2012-12-22 01:00:00,35.0,46.84508843718457,9.0,95.0
2012-12-22 02:00:00,23.0,44.12801738988058,3.0,69.0
2012-12-22 03:00:00,7.0,12.245231209037309,3.0,23.0
2012-12-22 04:00:00,5.0,5.488096456971572,6.0,6.0
2012-12-22 05:00:00,5.0,7.453419168570249,13.0,3.0
2012-12-22 06:00:00,13.0,19.18155513368635,80.0,11.0
2012-12-22 07:00:00,20.0,36.64959410220783,208.0,48.0
2012-12-22 08:00:00,29.0,81.53106120316217,472.0,119.0
2012-12-22 09:00:00,90.0,65.88494732293863,267.0,220.0
2012-12-22 10:00:00,118.0,156.3335645453532,154.0,273.0
2012-12-22 11:00:00,159.0,161.31343177888888,162.0,393.0
2012-12-22 12:00:00,146.0,202.95874319601234,224.0,453.0
2012-12-22 13:00:00,158.0,158.40532539549966,240.0,456.0
2012-12-22 14:00:00,161.0,154.41988096541664,219.0,426.0
2012-12-22 15:00:00,153.0,168.37847370402696,263.0,447.0
2012-12-22 16:00:00,147.0,161.9286180940556,281.0,413.0
2012-12-22 17:00:00,114.0,150.31811421648268,321.0,309.0
2012-12-22 18:00:00,82.0,99.41956302085583,243.0,272.0
2012-12-22 19:00:00,60.0,91.46272169289782,153.0,257.0
2012-12-22 20:00:00,61.0,47.146709425563124,112.0,201.0
2012-12-22 21:00:00,53.0,50.171958751927775,70.0,184.0
2012-12-22 22:00:00,39.0,47.556651960454865,63.0,156.0
2012-12-22 23:00:00,40.0,36.910620224417016,40.0,119.0
2012-12-23 00:00:00,27.0,60.38769465026924,31.0,110.0
2012-12-23 01:00:00,20.0,41.711185782242815,35.0,96.0
2012-12-23 02:00:00,18.0,39.46347734521923,23.0,87.0
2012-12-23 03:00:00,9.0,17.514168287351822,7.0,38.0
2012-12-23 04:00:00,4.0,3.6693278215100253,5.0,11.0
2012-12-23 05:00:00,6.0,2.47310053522215,5.0,9.0
2012-12-23 06:00:00,9.0,10.105649514909153,13.0,6.0
2012-12-23 07:00:00,19.0,18.170309640626666,20.0,27.0
2012-12-23 08:00:00,48.0,53.370152738058415,29.0,88.0
2012-12-23 09:00:00,56.0,89.13843278382738,90.0,132.0
2012-12-23 10:00:00,93.0,83.25962646484503,118.0,257.0
2012-12-23 11:00:00,152.0,144.52898999681216,159.0,295.0
2012-12-23 12:00:00,196.0,200.3072914496797,146.0,417.0
2012-12-23 13:00:00,186.0,216.4542030471423,158.0,356.0
2012-12-23 14:00:00,175.0,197.57118488129095,161.0,310.0
2012-12-23 15:00:00,137.0,183.29564543312213,153.0,338.0
2012-12-23 16:00:00,190.0,144.95743721254286,147.0,400.0
2012-12-23 17:00:00,114.0,153.3959687202829,114.0,243.0
2012-12-23 18:00:00,93.0,86.62055534043695,82.0,107.0
2012-12-23 19:00:00,58.0,67.97751555773237,60.0,109.0
2012-12-23 20:00:00,52.0,47.48381578030474,61.0,122.0
2012-12-23 21:00:00,42.0,41.75104859282344,53.0,106.0
2012-12-23 22:00:00,58.0,41.836481402437684,39.0,89.0
2012-12-23 23:00:00,25.0,29.180667243348946,40.0,33.0
2012-12-24 00:00:00,12.0,13.171998737041505,27.0,28.0
2012-12-24 01:00:00,11.0,7.288276325402029,20.0,15.0
2012-12-24 02:00:00,5.0,3.0051571797215204,18.0,5.0
2012-12-24 03:00:00,3.0,1.6633268425034506,9.0,3.0
2012-12-24 05:00:00,9.0,12.588709023241716,6.0,24.0
2012-12-24 06:00:00,17.0,41.15761576701428,9.0,108.0
2012-12-24 07:00:00,30.0,49.41124842826961,19.0,319.0
2012-12-24 08:00:00,66.0,82.7775905074475,48.0,592.0
2012-12-24 09:00:00,85.0,88.25509285311155,56.0,282.0
2012-12-24 10:00:00,103.0,80.52398455546886,93.0,135.0
2012-12-24 11:00:00,124.0,113.77952708611835,152.0,170.0
2012-12-24 12:00:00,135.0,149.50304469713046,196.0,232.0
2012-12-24 13:00:00,70.0,140.11485821732006,186.0,210.0
2012-12-24 14:00:00,46.0,66.84975357132011,175.0,181.0
2012-12-24 15:00:00,33.0,51.14160612545505,137.0,211.0
2012-12-24 16:00:00,33.0,37.13395689519385,190.0,302.0
2012-12-24 17:00:00,26.0,39.53738041548806,114.0,495.0
2012-12-24 18:00:00,26.0,15.139368730007563,93.0,507.0
2012-12-24 19:00:00,18.0,22.942741978608687,58.0,340.0
2012-12-24 20:00:00,23.0,18.586363422209402,52.0,200.0
2012-12-24 21:00:00,22.0,32.30887617681483,42.0,120.0
2012-12-24 22:00:00,12.0,27.330588807744714,58.0,54.0
2012-12-24 23:00:00,11.0,15.987727557175532,25.0,47.0
2012-12-25 00:00:00,13.0,6.740305829973417,12.0,18.0
2012-12-25 01:00:00,13.0,7.085580268433464,11.0,15.0
2012-12-25 02:00:00,7.0,3.41284394661285,5.0,7.0
2012-12-25 05:00:00,3.0,17.68396222398748,9.0,36.0
2012-12-25 06:00:00,7.0,36.330620946250264,17.0,118.0
2012-12-25 07:00:00,6.0,25.729012908831596,30.0,355.0
2012-12-25 08:00:00,11.0,43.48782979235079,66.0,662.0
2012-12-25 09:00:00,28.0,16.972521006425037,85.0,326.0
2012-12-25 10:00:00,32.0,45.52090078569011,103.0,184.0
2012-12-25 11:00:00,86.0,39.62824123119443,124.0,269.0
2012-12-25 12:00:00,114.0,133.99130013526693,135.0,313.0
2012-12-25 13:00:00,121.0,146.20635061189716,70.0,286.0
2012-12-25 14:00:00,126.0,130.57002208445573,46.0,247.0
2012-12-25 15:00:00,107.0,138.4732593351497,33.0,246.0
2012-12-25 16:00:00,86.0,165.21997662787982,33.0,363.0
2012-12-25 17:00:00,50.0,160.00081557333743,26.0,572.0
2012-12-25 18:00:00,43.0,47.97230895274997,26.0,525.0
2012-12-25 19:00:00,36.0,25.6504495115777,18.0,353.0
2012-12-25 20:00:00,40.0,27.597180746199637,23.0,268.0
2012-12-25 21:00:00,34.0,33.23339981182384,22.0,168.0
2012-12-25 22:00:00,19.0,31.095787073916288,12.0,132.0
2012-12-25 23:00:00,30.0,27.588358679770913,11.0,81.0
2012-12-26 00:00:00,9.0,17.621001650991992,13.0,41.0
2012-12-26 01:00:00,7.0,5.772970209821698,13.0,15.0
2012-12-26 02:00:00,1.0,1.3634376009079947,7.0,3.0
2012-12-26 04:00:00,2.0,0.797324995246508,1.0,7.0
2012-12-26 05:00:00,11.0,11.923814476093764,3.0,31.0
2012-12-26 06:00:00,36.0,40.364235889223565,7.0,112.0
2012-12-26 07:00:00,26.0,81.97644724323811,6.0,363.0
2012-12-26 08:00:00,31.0,66.84671934804886,11.0,678.0
2012-12-26 09:00:00,23.0,36.53236935386569,28.0,317.0
2012-12-26 10:00:00,8.0,40.62934144577554,32.0,164.0
2012-12-26 11:00:00,10.0,10.213938608603476,86.0,200.0
2012-12-26 12:00:00,10.0,5.6281453717330905,114.0,236.0
2012-12-26 13:00:00,15.0,8.030500521700572,121.0,213.0
2012-12-26 14:00:00,20.0,11.156757735402975,126.0,218.0
2012-12-26 15:00:00,13.0,24.080637412344107,107.0,237.0
2012-12-26 16:00:00,13.0,14.784920968927388,86.0,334.0
2012-12-26 17:00:00,53.0,17.393267630384365,50.0,562.0
2012-12-26 18:00:00,43.0,49.86045936047012,43.0,569.0
2012-12-26 19:00:00,35.0,29.38135871849406,36.0,336.0
2012-12-26 20:00:00,32.0,27.84700034227408,40.0,241.0
2012-12-26 21:00:00,20.0,27.760395711219715,34.0,168.0
2012-12-26 22:00:00,11.0,28.299735689094664,19.0,129.0
2012-12-26 23:00:00,10.0,14.042729847287097,30.0,88.0
2012-12-27 00:00:00,3.0,14.426471999252545,9.0,42.0
2012-12-27 01:00:00,5.0,5.2432317964156985,7.0,20.0
2012-12-27 02:00:00,2.0,1.551726580451635,1.0,8.0
2012-12-27 03:00:00,1.0,1.0111630893132044,2.0,4.0
2012-12-27 04:00:00,3.0,1.0111630893132044,2.0,6.0
2012-12-27 05:00:00,11.0,17.900506958802755,11.0,35.0
2012-12-27 06:00:00,45.0,40.81818335818234,36.0,118.0
2012-12-27 07:00:00,90.0,102.31853557190412,26.0,350.0
2012-12-27 08:00:00,208.0,188.74632472199158,31.0,599.0
2012-12-27 09:00:00,133.0,183.24696747707802,23.0,317.0
2012-12-27 10:00:00,75.0,110.17855572449147,8.0,161.0
2012-12-27 11:00:00,103.0,95.5524931278476,10.0,190.0
2012-12-27 12:00:00,109.0,134.85575310676836,10.0,212.0
2012-12-27 13:00:00,118.0,125.96381904073736,15.0,217.0
2012-12-27 14:00:00,119.0,138.14748616751783,20.0,214.0
2012-12-27 15:00:00,120.0,144.02955100111078,13.0,249.0
2012-12-27 16:00:00,174.0,179.67018377226034,13.0,302.0
2012-12-27 17:00:00,257.0,265.7333012510566,53.0,475.0
2012-12-27 18:00:00,197.0,225.11726250062512,43.0,381.0
2012-12-27 19:00:00,117.0,130.6723576296341,35.0,118.0
2012-12-27 20:00:00,91.0,86.06173661563767,32.0,50.0
2012-12-27 21:00:00,63.0,65.23347019701342,20.0,26.0
2012-12-27 22:00:00,44.0,38.9180788308662,11.0,21.0
2012-12-27 23:00:00,26.0,25.85474198114928,10.0,13.0
2012-12-28 00:00:00,25.0,11.416685072347507,3.0,17.0
2012-12-28 01:00:00,9.0,8.597563530566992,5.0,9.0
2012-12-28 02:00:00,5.0,4.524429678307965,2.0,3.0
2012-12-28 03:00:00,2.0,3.762084276691816,1.0,3.0
2012-12-28 04:00:00,4.0,3.504196349334519,3.0,6.0
2012-12-28 05:00:00,15.0,9.7576162565455,11.0,13.0
2012-12-28 06:00:00,51.0,56.55277848321225,45.0,80.0
2012-12-28 07:00:00,112.0,132.76093112202233,90.0,208.0
2012-12-28 08:00:00,239.0,221.72972437873392,208.0,472.0
2012-12-28 09:00:00,191.0,215.05843273117688,133.0,267.0
2012-12-28 10:00:00,162.0,124.24368775202956,75.0,154.0
2012-12-28 11:00:00,178.0,165.57036794220937,103.0,162.0
2012-12-28 12:00:00,222.0,207.37678123536497,109.0,224.0
2012-12-28 13:00:00,222.0,208.04726268046016,118.0,240.0
2012-12-28 14:00:00,261.0,206.8489734350699,119.0,219.0
2012-12-28 15:00:00,225.0,231.08174253148832,120.0,263.0
2012-12-28 16:00:00,250.0,263.04275899800933,174.0,281.0
2012-12-28 17:00:00,271.0,338.14711460635374,257.0,321.0
2012-12-28 18:00:00,213.0,223.09155973103663,197.0,243.0
2012-12-28 19:00:00,128.0,153.95774755904958,117.0,153.0
2012-12-28 20:00:00,97.0,95.9997611673848,91.0,112.0
2012-12-28 21:00:00,92.0,75.53655820433238,63.0,70.0
2012-12-28 22:00:00,62.0,74.87786338212528,44.0,63.0
2012-12-28 23:00:00,59.0,44.06635229947468,26.0,40.0
2012-12-29 00:00:00,26.0,32.0598007931882,25.0,31.0
2012-12-29 01:00:00,37.0,24.143676301551125,9.0,35.0
2012-12-29 02:00:00,19.0,21.987243051222066,5.0,23.0
2012-12-29 03:00:00,6.0,7.980920950204196,2.0,7.0
2012-12-29 04:00:00,3.0,5.666602589647709,4.0,5.0
2012-12-29 05:00:00,3.0,6.124070548160533,15.0,5.0
2012-12-29 06:00:00,7.0,15.444273767899745,51.0,13.0
2012-12-29 07:00:00,18.0,21.67761428545153,112.0,20.0
2012-12-29 08:00:00,44.0,42.505494110124125,239.0,29.0
2012-12-29 09:00:00,49.0,85.78208220132595,191.0,90.0
2012-12-29 10:00:00,41.0,90.29796455398598,162.0,118.0
2012-12-29 11:00:00,45.0,67.4067211143576,178.0,159.0
2012-12-29 12:00:00,48.0,75.61203063770174,222.0,146.0
2012-12-29 13:00:00,84.0,63.17067391874764,222.0,158.0
2012-12-29 14:00:00,98.0,82.52710914498384,261.0,161.0
2012-12-29 15:00:00,129.0,133.84611312363933,225.0,153.0
2012-12-29 16:00:00,147.0,156.82663512943884,250.0,147.0
2012-12-29 17:00:00,118.0,155.7027876770783,271.0,114.0
2012-12-29 18:00:00,110.0,119.79805400031866,213.0,82.0
2012-12-29 19:00:00,97.0,89.23564430422675,128.0,60.0
2012-12-29 20:00:00,66.0,73.45151842576387,97.0,61.0
2012-12-29 21:00:00,60.0,54.349116301253325,92.0,53.0
2012-12-29 22:00:00,54.0,44.18790146468036,62.0,39.0
2012-12-29 23:00:00,32.0,40.75402621448721,59.0,40.0
2012-12-30 00:00:00,41.0,20.237747530272166,26.0,27.0
2012-12-30 01:00:00,28.0,25.315087110475663,37.0,20.0
2012-12-30 02:00:00,19.0,17.18161257973362,19.0,18.0
2012-12-30 03:00:00,15.0,6.719457287849786,6.0,9.0
2012-12-30 04:00:00,7.0,5.679052147490105,3.0,4.0
2012-12-30 05:00:00,2.0,4.994737781109934,3.0,6.0
2012-12-30 06:00:00,8.0,10.540990242124588,7.0,9.0
2012-12-30 07:00:00,13.0,17.63304009454056,18.0,19.0
2012-12-30 08:00:00,33.0,31.324832947827,44.0,48.0
2012-12-30 09:00:00,74.0,60.79561366864323,49.0,56.0
2012-12-30 10:00:00,122.0,99.59694675416894,41.0,93.0
2012-12-30 11:00:00,136.0,150.05882175628167,45.0,152.0
2012-12-30 12:00:00,144.0,176.10036559154997,48.0,196.0
2012-12-30 13:00:00,169.0,156.44376868301015,84.0,186.0
2012-12-30 14:00:00,160.0,161.65574610250752,98.0,175.0
2012-12-30 15:00:00,138.0,146.69745291300353,129.0,137.0
2012-12-30 16:00:00,133.0,145.58601662984262,147.0,190.0
2012-12-30 17:00:00,123.0,117.9156411057857,118.0,114.0
2012-12-30 18:00:00,125.0,98.51489807145931,110.0,93.0
2012-12-30 19:00:00,102.0,94.78968805276392,97.0,58.0
2012-12-30 20:00:00,72.0,70.03922877366914,66.0,52.0
2012-12-30 21:00:00,47.0,49.89692867725742,60.0,42.0
2012-12-30 22:00:00,36.0,42.55525592247946,54.0,58.0
2012-12-30 23:00:00,49.0,20.17300174895256,32.0,25.0
2012-12-31 00:00:00,34.0,17.329916410169773,41.0,12.0
2012-12-31 01:00:00,19.0,12.430271505605129,28.0,11.0
2012-12-31 02:00:00,11.0,7.116482320476596,19.0,5.0
2012-12-31 03:00:00,1.0,4.680653877882321,15.0,3.0
2012-12-31 05:00:00,9.0,7.614452316186625,2.0,9.0
2012-12-31 06:00:00,40.0,20.1302148168362,8.0,17.0
2012-12-31 07:00:00,85.0,100.34541961877697,13.0,30.0
2012-12-31 08:00:00,196.0,173.88038640288346,33.0,66.0
2012-12-31 09:00:00,157.0,88.64028608140265,74.0,85.0
2012-12-31 10:00:00,120.0,100.93303701658992,122.0,103.0
2012-12-31 11:00:00,157.0,124.97573647184997,136.0,124.0
2012-12-31 12:00:00,224.0,163.35639115571038,144.0,135.0
2012-12-31 13:00:00,203.0,198.8544862166025,169.0,70.0
2012-12-31 14:00:00,247.0,171.09952008206415,160.0,46.0
2012-12-31 15:00:00,315.0,202.60921298439231,138.0,33.0
2012-12-31 16:00:00,214.0,310.35943305298275,133.0,33.0
2012-12-31 17:00:00,164.0,286.67966625782566,123.0,26.0
2012-12-31 18:00:00,122.0,134.54623571127317,125.0,26.0
2012-12-31 19:00:00,119.0,98.35239790212046,102.0,18.0
2012-12-31 20:00:00,89.0,91.21753662895753,72.0,23.0
2012-12-31 21:00:00,90.0,64.61488433194448,47.0,22.0
2012-12-31 22:00:00,61.0,62.32944235111386,36.0,12.0
2012-12-31 23:00:00,49.0,24.943203612723547,49.0,11.0
